SiteID;SiteCode;SiteName;Longitude;Latitude;Elevation;Regione;FullSiteCode;Elevation_flag
4;TOS01000571;Vallucciole;11.657476;43.842022;750;Toscana;OD:TOS01000571;1
5;TOS01000591;Montemignaio;11.620676;43.740236;742;Toscana;OD:TOS01000591;1
6;TOS01000601;Ortignano;11.751541;43.681925;428;Toscana;OD:TOS01000601;1
7;TOS01000611;Camaldoli;11.822053;43.79558;924;Toscana;OD:TOS01000611;1
8;TOS01000621;Badia Prataglia;11.876816;43.7942;935;Toscana;OD:TOS01000621;1
9;TOS01000626;Bibbiena;11.830949;43.714149;397;Toscana;OD:TOS01000626;1
10;TOS01000639;La Verna;11.931335;43.706911;1053;Toscana;OD:TOS01000639;1
11;TOS01000651;Salutio;11.815369;43.621303;335;Toscana;OD:TOS01000651;1
12;TOS01000701;Capezzine;11.932118;43.182868;324;Toscana;OD:TOS01000701;1
13;TOS01000721;Bettolle;11.803501;43.202908;281;Toscana;OD:TOS01000721;1
14;TOS01000741;Monte S.Savino;11.742346;43.339127;283;Toscana;OD:TOS01000741;1
15;TOS01000751;Cortona;11.996448000000001;43.268995;485;Toscana;OD:TOS01000751;1
16;TOS01000761;Castiglion Fiorentino;11.928964;43.342826;281;Toscana;OD:TOS01000761;1
17;TOS01000771;Arezzo;11.89285;43.471577;291;Toscana;OD:TOS01000771;1
18;TOS01000799;Laterina;11.716307;43.508954;214;Toscana;OD:TOS01000799;1
19;TOS01000811;Badia Agnano;11.649081;43.436499;265;Toscana;OD:TOS01000811;1
20;TOS01000831;Nusenna in Chianti;11.531117;43.45024;479;Toscana;OD:TOS01000831;1
21;TOS01000861;Villa dell'Olio;11.604733;43.591795;380;Toscana;OD:TOS01000861;1
22;TOS01000869;Renacci (Fattoria);11.523017;43.589701;173;Toscana;OD:TOS01000869;1
23;TOS01000881;Pian di Sco';11.55515;43.649965;470;Toscana;OD:TOS01000881;1
24;TOS01000891;Il Palagio;11.429856;43.614937;293;Toscana;OD:TOS01000891;1
25;TOS01000901;Vallombrosa;11.556821;43.731367;1050;Toscana;OD:TOS01000901;1
26;TOS01000911;Cavallina;11.23742;43.983567;255;Toscana;OD:TOS01000911;1
27;TOS01000916;Monte di Fo';11.280845;44.079632;792;Toscana;OD:TOS01000916;1
28;TOS01000921;Mangona;11.197975;44.051395;552;Toscana;OD:TOS01000921;1
29;TOS01000925;Marcoiano;11.304825;44.054421;582;Toscana;OD:TOS01000925;1
30;TOS01000926;Le Croci (Barberino);11.271917;44.009686;387;Toscana;OD:TOS01000926;1
31;TOS01000931;Ponte a Olmo;11.304384;44.049072;506;Toscana;OD:TOS01000931;1
32;TOS01000941;Vaglia;11.280048;43.912891;304;Toscana;OD:TOS01000941;1
33;TOS01000961;S. Agata di Mugello;11.33531;44.021705;337;Toscana;OD:TOS01000961;1
34;TOS01000979;Razzuolo;11.467726;44.031584;775;Toscana;OD:TOS01000979;1
35;TOS01000991;Ronta;11.436408;44.009048;457;Toscana;OD:TOS01000991;1
36;TOS01000999;Borgo S. Lorenzo;11.39051;43.957877;194;Toscana;OD:TOS01000999;1
37;TOS01001011;Villore;11.546251;43.966733;513;Toscana;OD:TOS01001011;1
38;TOS01001029;Dicomano;11.5279;43.892594;293;Toscana;OD:TOS01001029;1
39;TOS01001041;Consuma;11.585201;43.784466;908;Toscana;OD:TOS01001041;1
40;TOS01001059;S. Brigida all'Opaco;11.39838;43.854377;463;Toscana;OD:TOS01001059;1
41;TOS01001095;Firenze Genio Civile;11.258303;43.779406;51;Toscana;OD:TOS01001095;1
42;TOS01001096;Firenze Universita';11.25114;43.798788;86;Toscana;OD:TOS01001096;1
43;TOS01001102;Cercina;11.261496;43.844258;349;Toscana;OD:TOS01001102;1
44;TOS01001103;Caldine;11.340546;43.845709;469;Toscana;OD:TOS01001103;1
45;TOS01001115;Lamole;11.356912;43.548568;562;Toscana;OD:TOS01001115;1
46;TOS01001129;Ferrone;11.259984;43.655384;188;Toscana;OD:TOS01001129;1
47;TOS01001136;Ugolino;11.29777;43.698928;176;Toscana;OD:TOS01001136;1
48;TOS01001141;Antella;11.329965;43.730104;162;Toscana;OD:TOS01001141;1
49;TOS01001147;S. Colombano;11.127037;43.780686;34;Toscana;OD:TOS01001147;1
50;TOS01001151;Cantagallo;11.083228;44.023971;494;Toscana;OD:TOS01001151;1
51;TOS01001161;Gavigno;11.090323;44.070043;815;Toscana;OD:TOS01001161;1
52;TOS01001171;Vernio;11.156912;44.04747;316;Toscana;OD:TOS01001171;1
54;TOS01001189;Le Croci Calenzano;11.214416;43.946505;416;Toscana;OD:TOS01001189;1
55;TOS01001205;Prato Universita';11.099213;43.885556;64;Toscana;OD:TOS01001205;1
56;TOS01001212;Capalle;11.139133;43.828851;41;Toscana;OD:TOS01001212;1
57;TOS01001215;S. Giusto;11.193765;43.759952;39;Toscana;OD:TOS01001215;1
58;TOS01001225;Case Passerini;11.17746;43.814406;35;Toscana;OD:TOS01001225;1
59;TOS01001249;Cireglio;10.854748;43.995497;708;Toscana;OD:TOS01001249;1
60;TOS01001253;Montagnana;10.823039;43.953666;369;Toscana;OD:TOS01001253;1
61;TOS01001263;Baggio;10.964162;43.99124;418;Toscana;OD:TOS01001263;1
62;TOS01001269;La Ferruccia;11.003848;43.884551;40;Toscana;OD:TOS01001269;1
63;TOS01001273;Fattoria Iavello;11.071435;43.963008;642;Toscana;OD:TOS01001273;1
64;TOS01001284;Radda in Chianti;11.379111;43.486026;464;Toscana;OD:TOS01001284;1
65;TOS01001291;S. Donato in Poggio;11.232544;43.538057;367;Toscana;OD:TOS01001291;1
66;TOS01001311;Tenuta del Corno;11.147281;43.622893;305;Toscana;OD:TOS01001311;1
67;TOS01001371;Vinci;10.928189;43.788597;90;Toscana;OD:TOS01001371;1
68;TOS01001379;Simignano;11.168881;43.293748;453;Toscana;OD:TOS01001379;1
69;TOS01001391;Casole d'Elsa;11.044005;43.343321;321;Toscana;OD:TOS01001391;1
70;TOS01001419;S. Gimignano;11.042352;43.47229;226;Toscana;OD:TOS01001419;1
71;TOS01001445;Poggio Aglione;10.922167;43.531901;425;Toscana;OD:TOS01001445;1
72;TOS01001491;S. Miniato (Cimitero);10.831479;43.684031;42;Toscana;OD:TOS01001491;1
73;TOS01001521;Marti;10.747468;43.64947;95;Toscana;OD:TOS01001521;1
74;TOS01001561;Serra Pistoiese;10.75975;43.975617;700;Toscana;OD:TOS01001561;1
75;TOS01001601;Montecatini Terme;10.773986;43.896797;120;Toscana;OD:TOS01001601;1
76;TOS01001629;Castelmartini;10.829129;43.817839;22;Toscana;OD:TOS01001629;1
77;TOS01001634;S. Baronto;10.939066;43.835141;338;Toscana;OD:TOS01001634;1
78;TOS01001664;Volterra;10.862233;43.408995;372;Toscana;OD:TOS01001664;1
79;TOS01001679;La Madonnina;10.909972;43.455625;271;Toscana;OD:TOS01001679;1
80;TOS01001711;Orciatico;10.723384;43.435585;276;Toscana;OD:TOS01001711;1
81;TOS01001751;Ghizzano di Peccioli;10.790457;43.536004;159;Toscana;OD:TOS01001751;1
82;TOS01001781;Casciana Terme;10.618437;43.526575;97;Toscana;OD:TOS01001781;1
83;TOS01001801;Monte Serra;10.555;43.751788;727;Toscana;OD:TOS01001801;1
84;TOS01001831;Coltano;10.391303;43.639594;4;Toscana;OD:TOS01001831;1
85;TOS01001849;Segromigno Monte;10.594479;43.895842;141;Toscana;OD:TOS01001849;1
86;TOS01001861;Montecarlo;10.66658;43.856053;79;Toscana;OD:TOS01001861;1
87;TOS01001889;Orentano;10.658026;43.776315;16;Toscana;OD:TOS01001889;1
88;TOS01001916;Cenaia;10.537294;43.608236;17;Toscana;OD:TOS01001916;1
89;TOS01001921;Lorenzana;10.53536;43.53704;89;Toscana;OD:TOS01001921;1
90;TOS01001961;Valle Benedetta;10.406518;43.517376;285;Toscana;OD:TOS01001961;1
91;TOS01002011;Miemo;10.670702;43.410186;440;Toscana;OD:TOS01002011;1
92;TOS01002071;Gerfalco;10.975141;43.142435;686;Toscana;OD:TOS01002071;1
93;TOS01002085;Anqua;10.98731;43.215242;409;Toscana;OD:TOS01002085;1
94;TOS01002104;Montecastelli P.;10.957532;43.263688;412;Toscana;OD:TOS01002104;1
95;TOS01002115;Ponsano;10.990347;43.365308;316;Toscana;OD:TOS01002115;1
96;TOS01002131;Montecatini V. Cecina;10.743084;43.387148;344;Toscana;OD:TOS01002131;1
97;TOS01002161;Libbiano;10.806942;43.281767;419;Toscana;OD:TOS01002161;1
98;TOS01002171;Canneto;10.739307;43.202337;310;Toscana;OD:TOS01002171;1
99;TOS01002181;Sassa;10.691371;43.257956;359;Toscana;OD:TOS01002181;1
100;TOS01002201;Montescudaio;10.632581;43.326721;171;Toscana;OD:TOS01002201;1
101;TOS01002231;Riparbella;10.603037;43.367253;241;Toscana;OD:TOS01002231;1
102;TOS01002309;Sasso Pisano;10.8672;43.169745;473;Toscana;OD:TOS01002309;1
103;TOS01002331;Serrazzano;10.820042;43.222155;475;Toscana;OD:TOS01002331;1
104;TOS01002351;Lago;10.807232;43.154992;268;Toscana;OD:TOS01002351;1
105;TOS01002361;Lustignano;10.797592;43.1859;356;Toscana;OD:TOS01002361;1
106;TOS01002371;Monterotondo;10.858556;43.150218;605;Toscana;OD:TOS01002371;1
107;TOS01002376;Monteverdi;10.716197;43.184386;408;Toscana;OD:TOS01002376;1
108;TOS01002381;Sassetta;10.639867;43.124135;407;Toscana;OD:TOS01002381;1
109;TOS01002401;Santa Costanza;10.903623;43.117024;567;Toscana;OD:TOS01002401;1
110;TOS01002779;Campiano;11.03847;43.101954;452;Toscana;OD:TOS01002779;1
111;TOS01004005;Carrara;10.102669;44.081923;156;Toscana;OD:TOS01004005;1
112;TOS01004007;Avenza;10.060135;44.045181;5;Toscana;OD:TOS01004007;1
113;TOS01004379;Stia;11.718598;43.802706;624;Toscana;OD:TOS01004379;1
114;TOS01004411;Subbiano;11.868619;43.572457;289;Toscana;OD:TOS01004411;1
115;TOS01004521;Ponte Ferrovia FI-Roma;11.825468;43.46846;239;Toscana;OD:TOS01004521;1
116;TOS01004568;Bucine;11.620751;43.484233;206;Toscana;OD:TOS01004568;1
117;TOS01004571;Montevarchi;11.567136;43.542615;145;Toscana;OD:TOS01004571;1
118;TOS01004589;Incisa Monte;11.456561;43.688196;117;Toscana;OD:TOS01004589;1
119;TOS01004591;Incisa Valle;11.456679;43.691696;111;Toscana;OD:TOS01004591;1
120;TOS01004611;Bilancino;11.288958;43.978906;240;Toscana;OD:TOS01004611;1
121;TOS01004621;S. Piero a Sieve-Sieve;11.329263;43.96699;216;Toscana;OD:TOS01004621;1
122;TOS01004623;S. Piero a Sieve-Carza;11.323388;43.960834;221;Toscana;OD:TOS01004623;1
123;TOS01004625;Dicomano;11.527499;43.885481;235;Toscana;OD:TOS01004625;1
124;TOS01004641;Fornacina;11.468785;43.803025;143;Toscana;OD:TOS01004641;1
125;TOS01004642;Fornacina 2 ul;11.468785;43.803025;143;Toscana;OD:TOS01004642;1
126;TOS01004659;Nave di Rosano;11.421897;43.773255;86;Toscana;OD:TOS01004659;1
127;TOS01004661;Nave Rosano valle;11.416489;43.774395;86;Toscana;OD:TOS01004661;1
128;TOS01004679;Firenze Uffizi;11.255615;43.769726;50;Toscana;OD:TOS01004679;1
129;TOS01004683;Firenze Uffizi 3;11.25536;43.769551;50;Toscana;OD:TOS01004683;1
130;TOS01004702;Ponte alle Mosse;11.227683;43.78875;48;Toscana;OD:TOS01004702;1
131;TOS01004705;Greve;11.316808;43.586744;271;Toscana;OD:TOS01004705;1
132;TOS01004723;Tavarnuzze;11.217966;43.71248;102;Toscana;OD:TOS01004723;1
133;TOS01004725;Strada in Chianti;11.315771;43.665899;160;Toscana;OD:TOS01004725;1
134;TOS01004731;Scandicci;11.193523;43.754729;43;Toscana;OD:TOS01004731;1
135;TOS01004779;Vaiano Gamberame;11.128141;43.924691;175;Toscana;OD:TOS01004779;1
136;TOS01004782;Prato;11.107831;43.879033;63;Toscana;OD:TOS01004782;1
137;TOS01004784;Calenzano;11.156618;43.870227;67;Toscana;OD:TOS01004784;1
138;TOS01004791;S. Piero a Ponti;11.131803;43.805318;35;Toscana;OD:TOS01004791;1
139;TOS01004795;Sesto Fiorentino;11.193298;43.823151;39;Toscana;OD:TOS01004795;1
140;TOS01004811;Ponte a Signa;11.096958;43.772686;43;Toscana;OD:TOS01004811;1
141;TOS01004837;Pontelungo;10.893629;43.922766;65;Toscana;OD:TOS01004837;1
142;TOS01004875;Poggio a Caiano;11.061444;43.814591;35;Toscana;OD:TOS01004875;1
143;TOS01004901;Montelupo;11.049752;43.762396;72;Toscana;OD:TOS01004901;1
144;TOS01004915;Montespertoli;11.133471;43.618974;263;Toscana;OD:TOS01004915;1
145;TOS01004921;Turbone;11.035944;43.718586;74;Toscana;OD:TOS01004921;1
146;TOS01004941;Empoli;10.947135;43.725925;31;Toscana;OD:TOS01004941;1
147;TOS01004965;Poggibonsi;11.129404;43.47162;97;Toscana;OD:TOS01004965;1
148;TOS01004967;Certaldo;11.035636;43.546531;74;Toscana;OD:TOS01004967;1
149;TOS01004971;Castelfiorentino;10.97041;43.604146;66;Toscana;OD:TOS01004971;1
150;TOS01004981;Ponte a Elsa;10.893799;43.691302;38;Toscana;OD:TOS01004981;1
151;TOS01004999;Fucecchio monte;10.817798;43.717981;24;Toscana;OD:TOS01004999;1
152;TOS01005001;Fucecchio valle;10.813141;43.721242;26;Toscana;OD:TOS01005001;1
153;TOS01005005;Fornacino;10.850613;43.633007;66;Toscana;OD:TOS01005005;1
154;TOS01005101;Cateratte monte;10.650151;43.683753;33;Toscana;OD:TOS01005101;1
155;TOS01005115;Molino d'Era;10.829027;43.457309;114;Toscana;OD:TOS01005115;1
156;TOS01005131;Capannoli;10.687166;43.582027;34;Toscana;OD:TOS01005131;1
157;TOS01005135;Forcoli;10.697733;43.602568;50;Toscana;OD:TOS01005135;1
158;TOS01005151;Ponsacco;10.634122;43.619813;23;Toscana;OD:TOS01005151;1
159;TOS01005161;Belvedere;10.63761;43.640013;21;Toscana;OD:TOS01005161;1
160;TOS01005181;Pontedera;10.631241;43.665334;17;Toscana;OD:TOS01005181;1
161;TOS01005189;S. Giovanni alla Vena monte;10.596383;43.682914;12;Toscana;OD:TOS01005189;1
162;TOS01005191;S. Giovanni alla Vena valle;10.585252;43.6844;13;Toscana;OD:TOS01005191;1
163;TOS01005231;Pisa a Sostegno;10.391896;43.714634;3;Toscana;OD:TOS01005231;1
164;TOS01005251;Bocca d'Arno;10.280322;43.680668;1;Toscana;OD:TOS01005251;1
165;TOS01005262;Gello;10.58773;43.651727;12;Toscana;OD:TOS01005262;1
166;TOS01005342;Stagno;10.352125;43.60002;4;Toscana;OD:TOS01005342;1
167;TOS01005365;Castellina Marittima;10.492503;43.40611;37;Toscana;OD:TOS01005365;1
168;TOS01005372;Masso degli Specchi;10.954284;43.301607;232;Toscana;OD:TOS01005372;1
169;TOS01005373;Puretta;10.930118;43.304665;142;Toscana;OD:TOS01005373;1
170;TOS01005377;S. Dalmazio;10.944448;43.253188;315;Toscana;OD:TOS01005377;1
171;TOS01005386;Ponte SR439;10.857936;43.334223;136;Toscana;OD:TOS01005386;1
172;TOS01005395;Montegemoli;10.786002;43.354193;66;Toscana;OD:TOS01005395;1
173;TOS01005401;Ponte di Monterufoli;10.669795;43.323359;41;Toscana;OD:TOS01005401;1
174;TOS01005403;Case Grisella;10.674415;43.309887;42;Toscana;OD:TOS01005403;1
175;TOS01005415;Steccaia;10.575043;43.339141;23;Toscana;OD:TOS01005415;1
176;TOS01005441;Portoferraio;10.330276;42.812224;5;Toscana;OD:TOS01005441;1
177;TOS01005461;SP Lodano;10.72514;43.113247;96;Toscana;OD:TOS01005461;1
178;TOS01005465;Molino del Balzone;10.718876;43.126981;102;Toscana;OD:TOS01005465;1
179;TOS01005471;Ponte per Montioni;10.71299;43.072997;47;Toscana;OD:TOS01005471;1
180;TOS01005485;Calzalunga;10.722992;43.067444;50;Toscana;OD:TOS01005485;1
181;TOS01005489;Vecchia SS Aurelia;10.614934;43.020657;14;Toscana;OD:TOS01005489;1
182;TOS01005572;La Cura SP152;10.798058;42.937503;14;Toscana;OD:TOS01005572;1
183;TOS01005573;Cura Nuova;10.819168;42.973053;34;Toscana;OD:TOS01005573;1
184;TOS01005601;Macchiascandona;11.000554;42.806948;3;Toscana;OD:TOS01005601;1
185;TOS01005672;Buonconvento;11.476082;43.135285;144;Toscana;OD:TOS01005672;1
186;TOS01005761;Monte Amiata Scalo;11.546923;42.975772;181;Toscana;OD:TOS01005761;1
187;TOS01005785;Roccastrada;11.225833;42.987503;132;Toscana;OD:TOS01005785;1
188;TOS01005791;Sasso d'Ombrone;11.322468;42.934931;97;Toscana;OD:TOS01005791;1
189;TOS01005801;Montieri;11.059441;43.121114;399;Toscana;OD:TOS01005801;1
190;TOS01005822;Istia;11.195559;42.782779;29;Toscana;OD:TOS01005822;1
191;TOS01005981;Livorno Mareografo;10.299632;43.546256;2;Toscana;OD:TOS01005981;1
193;TOS02000047;Vergheto;10.170679;44.094489;780;Toscana;OD:TOS02000047;1
194;TOS02000064;Terrinca;10.275435;44.028371;1006;Toscana;OD:TOS02000064;1
195;TOS02000075;Pomezzana;10.314746;43.985157;476;Toscana;OD:TOS02000075;1
196;TOS02000077;Cardoso;10.318978;44.009785;489;Toscana;OD:TOS02000077;1
197;TOS02000078;Gallena;10.253632;43.993574;205;Toscana;OD:TOS02000078;1
198;TOS02000079;Retignano;10.271503;44.005026;372;Toscana;OD:TOS02000079;1
199;TOS02000081;Cervaiole;10.245609;44.039262;968;Toscana;OD:TOS02000081;1
200;TOS02000083;Azzano;10.228438;44.0236;518;Toscana;OD:TOS02000083;1
201;TOS02000085;Cerreta S. Nicola;10.202756;44.00971;611;Toscana;OD:TOS02000085;1
202;TOS02000088;Cerreto;10.173198;44.031856;437;Toscana;OD:TOS02000088;1
203;TOS02000106;Pedona;10.297917;43.917927;247;Toscana;OD:TOS02000106;1
204;TOS02000108;Vallelunga;10.337689;43.971328;688;Toscana;OD:TOS02000108;1
205;TOS02000155;Passo Pradarena;10.300464;44.285808;1550;Toscana;OD:TOS02000155;1
206;TOS02000161;Capanne di Sillano;10.309084;44.258034;1257;Toscana;OD:TOS02000161;1
207;TOS02000171;Monte Castellino;10.381856;44.259698;1725;Toscana;OD:TOS02000171;1
208;TOS02000177;Orto di Donna;10.197383;44.134767;1134;Toscana;OD:TOS02000177;1
209;TOS02000191;Vagli di Sotto;10.289426;44.108546;559;Toscana;OD:TOS02000191;1
210;TOS02000203;Villacollemandina;10.386305;44.160529;535;Toscana;OD:TOS02000203;1
211;TOS02000221;Casone di Profecchia;10.44567;44.21118;1322;Toscana;OD:TOS02000221;1
212;TOS02000228;Alpe S. Pellegrino;10.48056;44.190917;1395;Toscana;OD:TOS02000228;1
213;TOS02000237;Monte Macina;10.251317;44.08179;1507;Toscana;OD:TOS02000237;1
214;TOS02000241;Campagrina;10.259342;44.059003;1020;Toscana;OD:TOS02000241;1
215;TOS02000275;Monte Romecchio;10.526874;44.155531;1576;Toscana;OD:TOS02000275;1
216;TOS02000281;Fornovolasco;10.360547;44.028957;539;Toscana;OD:TOS02000281;1
217;TOS02000299;Gallicano;10.43964;44.06303;194;Toscana;OD:TOS02000299;1
218;TOS02000329;Palagnana;10.347024;43.997799;938;Toscana;OD:TOS02000329;1
219;TOS02000332;Fabbriche Vallico;10.42742;43.99664;433;Toscana;OD:TOS02000332;1
220;TOS02000339;Tereglio;10.567786;44.059846;614;Toscana;OD:TOS02000339;1
221;TOS02000351;Boscolungo;10.67354;44.139094;1374;Toscana;OD:TOS02000351;1
222;TOS02000359;Melo;10.743544;44.131362;1088;Toscana;OD:TOS02000359;1
223;TOS02000372;Croce Arcana;10.778274;44.131916;1663;Toscana;OD:TOS02000372;1
224;TOS02000381;Pian di Novello;10.692432;44.116087;1075;Toscana;OD:TOS02000381;1
225;TOS02000401;Selva dei Porci;10.813551;44.077198;923;Toscana;OD:TOS02000401;1
226;TOS02000421;Monte Oppio;10.836892;44.042468;835;Toscana;OD:TOS02000421;1
227;TOS02000431;S. Marcello Pistoiese;10.788086;44.055275;610;Toscana;OD:TOS02000431;1
228;TOS02000441;Prunetta;10.80397;44.008489;1012;Toscana;OD:TOS02000441;1
229;TOS02000483;Convalle;10.417144;43.937471;353;Toscana;OD:TOS02000483;1
232;TOS02000512;Lucca;10.5127;43.842185;17;Toscana;OD:TOS02000512;1
235;TOS02004011;Canevara;10.168239;44.058304;226;Toscana;OD:TOS02004011;1
236;TOS02004017;Ruosina;10.266745;43.999051;251;Toscana;OD:TOS02004017;1
237;TOS02004028;Seravezza 1;10.222692;43.992189;127;Toscana;OD:TOS02004028;1
238;TOS02004029;Seravezza 2;10.223503;43.992815;127;Toscana;OD:TOS02004029;1
239;TOS02004045;Ponte Tavole;10.18483;43.972565;7;Toscana;OD:TOS02004045;1
240;TOS02004055;Forte dei Marmi;10.163333;43.955553;1;Toscana;OD:TOS02004055;1
241;TOS02004059;Camaiore;10.275355;43.927626;94;Toscana;OD:TOS02004059;1
242;TOS02004081;Torre del Lago;10.307692;43.832462;2;Toscana;OD:TOS02004081;1
243;TOS02004085;Padule Massaciuccoli;10.326489;43.842726;2;Toscana;OD:TOS02004085;1
244;TOS02004091;Viareggio 1;10.259289;43.867634;2;Toscana;OD:TOS02004091;1
245;TOS02004101;Viareggio 2;10.258476;43.867359;2;Toscana;OD:TOS02004101;1
246;TOS02004115;Camporgiano;10.338424;44.162935;415;Toscana;OD:TOS02004115;1
247;TOS02004165;Ponte di Campia;10.453248;44.090525;238;Toscana;OD:TOS02004165;1
248;TOS02004195;Calavorno;10.531037;44.021363;141;Toscana;OD:TOS02004195;1
249;TOS02004203;Fornoli;10.551038;44.003558;127;Toscana;OD:TOS02004203;1
250;TOS02004215;Casotti di Cutigliano;10.751581;44.098219;640;Toscana;OD:TOS02004215;1
251;TOS02004231;Ponte di Lucchio;10.717994;44.045525;482;Toscana;OD:TOS02004231;1
252;TOS02004255;Chifenti;10.563969;44.007322;157;Toscana;OD:TOS02004255;1
253;TOS02004271;Borgo a Mozzano;10.55151;43.979877;245;Toscana;OD:TOS02004271;1
254;TOS02004284;Piaggione;10.51441;43.929399;156;Toscana;OD:TOS02004284;1
255;TOS02004286;Mutigliano;10.484186;43.881763;40;Toscana;OD:TOS02004286;1
256;TOS02004291;Monte S.Quirico;10.507925;43.859049;30;Toscana;OD:TOS02004291;1
257;TOS02004305;Ponte Guido;10.436814;43.859119;30;Toscana;OD:TOS02004305;1
258;TOS02004311;Ripafratta;10.414922;43.821073;19;Toscana;OD:TOS02004311;1
259;TOS02004315;Pontetetto;10.494269;43.82343;14;Toscana;OD:TOS02004315;1
260;TOS02004317;Ripafratta 2;10.414256;43.81876;19;Toscana;OD:TOS02004317;1
261;TOS02004365;Vecchiano;10.398898;43.780526;14;Toscana;OD:TOS02004365;1
262;TOS02004369;Bocca di Serchio;10.269991;43.781265;2;Toscana;OD:TOS02004369;1
264;TOS03000278;Renaio;10.534051;44.108741;1001;Toscana;OD:TOS03000278;1
265;TOS03001246;Calamazza Siap;9.95104;44.201787;152;Toscana;OD:TOS03001246;1
289;TOS03002961;Ponte Tura;11.166253;42.764698;16;Toscana;OD:TOS03002961;1
291;TOS03003019;Roccalbegna;11.511635;42.788562;600;Toscana;OD:TOS03003019;1
292;TOS03003041;Capanne;11.543856;42.685646;399;Toscana;OD:TOS03003041;1
293;TOS03003053;Usi;11.463412;42.72401;363;Toscana;OD:TOS03003053;1
294;TOS03003063;Torricelle;11.425443;42.642219;158;Toscana;OD:TOS03003063;1
295;TOS03003071;Scansano;11.341806;42.689651;412;Toscana;OD:TOS03003071;1
296;TOS03003079;Manciano;11.546264;42.584692;300;Toscana;OD:TOS03003079;1
298;TOS03003099;S. Donato;11.230903;42.53373;11;Toscana;OD:TOS03003099;1
299;TOS03005571;La Cura SP152 Siap;10.802116;42.941302;11;Toscana;OD:TOS03005571;1
300;TOS03005577;Scarlino Siap;10.838918;42.940744;14;Toscana;OD:TOS03005577;1
301;TOS03005611;Lepri Siap;11.038425;42.905018;18;Toscana;OD:TOS03005611;1
302;TOS03005615;Sovata Siap;11.007039;42.896604;14;Toscana;OD:TOS03005615;1
303;TOS03005655;Podere Nuovo Siap;11.453666;43.202541;169;Toscana;OD:TOS03005655;1
304;TOS03005711;Montepescini Siap;11.301306;43.127074;240;Toscana;OD:TOS03005711;1
305;TOS03005725;Petriolo Siap;11.300753;43.081181;208;Toscana;OD:TOS03005725;1
306;TOS03005781;S. Angelo Cinigiano Siap;11.426519;42.960965;107;Toscana;OD:TOS03005781;1
307;TOS03005792;Sasso d'Ombrone Siap;11.322468;42.934931;97;Toscana;OD:TOS03005792;1
308;TOS03005811;Castellina Siap;11.240906;42.794408;23;Toscana;OD:TOS03005811;1
309;TOS03005865;Podere Peretti Siap;11.234759;42.569511;21;Toscana;OD:TOS03005865;1
310;TOS03005881;Ponte di Montemerano Siap;11.457597;42.639786;111;Toscana;OD:TOS03005881;1
311;TOS03005895;Marsiliana Siap;11.337483;42.54592;19;Toscana;OD:TOS03005895;1
337;TOS09000001;Magra a Piccatello;9.883384;44.384146;326;Toscana;OD:TOS09000001;1
340;TOS09000015;Bagnone;9.983391;44.317473;327;Toscana;OD:TOS09000015;1
342;TOS09000021;Licciana Nardi;10.003425;44.242671;151;Toscana;OD:TOS09000021;1
343;TOS09000022;Pietra Piccata;9.823247;44.339638;958;Toscana;OD:TOS09000022;1
344;TOS09000023;Bosco di Rossano;9.797503;44.30491;753;Toscana;OD:TOS09000023;1
345;TOS09000024;Passo del Brattello;9.822936;44.456242;946;Toscana;OD:TOS09000024;1
346;TOS09001000;Baccatoio;10.226;43.924;2;Toscana;OD:TOS09001000;1
347;TOS09001053;Passo della Cisa;9.920361;44.46639;1000;Toscana;OD:TOS09001053;1
348;TOS09001061;Patigno;9.764477;44.354709;725;Toscana;OD:TOS09001061;1
349;TOS09001080;Pontremoli depuratore;9.883168;44.369246;290;Toscana;OD:TOS09001080;1
350;TOS09001083;S. Giustina;9.896691;44.361703;226;Toscana;OD:TOS09001083;1
351;TOS09001088;Rocca Sigillina;9.956091;44.366647;530;Toscana;OD:TOS09001088;1
352;TOS09001110;Parana;9.864351;44.28417;807;Toscana;OD:TOS09001110;1
353;TOS09001120;Villafranca;9.948586;44.291137;129;Toscana;OD:TOS09001120;1
354;TOS09001130;Iera;10.033607;44.333288;680;Toscana;OD:TOS09001130;1
355;TOS09001143;Comano;10.119607;44.303855;733;Toscana;OD:TOS09001143;1
356;TOS09001160;Passo del Cerreto;10.216759;44.304268;1215;Toscana;OD:TOS09001160;1
357;TOS09001180;Turano - Pieve S. Paolo;10.153175;44.248632;481;Toscana;OD:TOS09001180;1
358;TOS09001200;Mazzola;10.11782;44.213079;530;Toscana;OD:TOS09001200;1
359;TOS09001210;Minucciano;10.209776;44.172257;766;Toscana;OD:TOS09001210;1
360;TOS09001220;Equi Terme;10.151111;44.171028;358;Toscana;OD:TOS09001220;1
361;TOS09001223;Soliera;10.062394;44.202382;177;Toscana;OD:TOS09001223;1
362;TOS09001230;Tendola;10.034669;44.158176;290;Toscana;OD:TOS09001230;1
364;TOS09001246;Calamazza;9.95104;44.201787;152;Toscana;OD:TOS09001246;1
365;TOS10000005;Pontremoli Verdeno;9.875904;44.375872;256;Toscana;OD:TOS10000005;1
366;TOS10000020;Rifugio Belvedere;10.122768;44.123611;1300;Toscana;OD:TOS10000020;1
367;TOS10000030;Castelpoggio;10.074241;44.114939;518;Toscana;OD:TOS10000030;1
368;TOS10000035;Fossacava;10.163474;44.089756;663;Toscana;OD:TOS10000035;1
369;TOS10000040;Carrara;10.077655;44.066663;88;Toscana;OD:TOS10000040;1
370;TOS10000045;Fondone;10.189847;44.10299;672;Toscana;OD:TOS10000045;1
371;TOS10000050;Casania;10.196988;44.076782;518;Toscana;OD:TOS10000050;1
372;TOS10000055;Pian della Fioba;10.208793;44.057189;874;Toscana;OD:TOS10000055;1
373;TOS10000060;Massa;10.140864;44.02502;43;Toscana;OD:TOS10000060;1
374;TOS10000062;Massa;10.141306;44.034082;51;Toscana;OD:TOS10000062;1
375;TOS10000065;Terrinca;10.272073;44.021974;593;Toscana;OD:TOS10000065;1
376;TOS10000080;Retignano;10.271501;44.00502;372;Toscana;OD:TOS10000080;1
377;TOS10000082;La Polla;10.235447;44.042724;1248;Toscana;OD:TOS10000082;1
378;TOS10000084;Seravezza;10.23184;43.995135;158;Toscana;OD:TOS10000084;1
379;TOS10000090;Pietrasanta;10.237099;43.94094;6;Toscana;OD:TOS10000090;1
380;TOS10000100;Forte dei Marmi;10.173445;43.962121;2;Toscana;OD:TOS10000100;1
381;TOS10000110;Camaiore;10.314515;43.940913;61;Toscana;OD:TOS10000110;1
382;TOS10000115;Camaiore I Frati;10.294074;43.938301;37;Toscana;OD:TOS10000115;1
383;TOS10000118;Massarosa;10.343733;43.874397;79;Toscana;OD:TOS10000118;1
384;TOS10000119;Massaciuccoli (Lago);10.311012;43.823906;1;Toscana;OD:TOS10000119;1
385;TOS10000120;Massaciuccoli (Paese);10.356156;43.843187;18;Toscana;OD:TOS10000120;1
386;TOS10000122;Casa Rossa;10.369444;43.823131;60;Toscana;OD:TOS10000122;1
387;TOS10000124;Capannone;10.356235;43.799969;1;Toscana;OD:TOS10000124;1
389;TOS10000130;Torre del Lago;10.307485;43.83322;1;Toscana;OD:TOS10000130;1
390;TOS10000132;Torre del Lago (Serra);10.296024;43.834134;1;Toscana;OD:TOS10000132;1
391;TOS10000138;Viareggio (Bonifica);10.275743;43.875797;1;Toscana;OD:TOS10000138;1
392;TOS10000140;Viareggio;10.241975;43.883021;2;Toscana;OD:TOS10000140;1
393;TOS10000142;Poggio Grosso;10.294703;43.800052;2;Toscana;OD:TOS10000142;1
394;TOS10000144;Troncolo;10.321395;43.781559;2;Toscana;OD:TOS10000144;1
395;TOS10000150;Migliarino Pisano;10.324249;43.770091;2;Toscana;OD:TOS10000150;1
396;TOS10000160;Capanne di Sillano;10.309084;44.258034;1257;Toscana;OD:TOS10000160;1
397;TOS10000170;Sillano;10.297416;44.224154;678;Toscana;OD:TOS10000170;1
398;TOS10000172;Metello;10.3463;44.241432;1013;Toscana;OD:TOS10000172;1
399;TOS10000174;Magliano a Mattino;10.258334;44.221458;821;Toscana;OD:TOS10000174;1
400;TOS10000175;Nipoiana;10.273856;44.122611;803;Toscana;OD:TOS10000175;1
401;TOS10000178;Orto di Donna;10.197155;44.136946;1134;Toscana;OD:TOS10000178;1
402;TOS10000180;Gramolazzo;10.231087;44.16355;667;Toscana;OD:TOS10000180;1
403;TOS10000182;Agliano;10.245523;44.171991;699;Toscana;OD:TOS10000182;1
404;TOS10000184;Casciana Garfagnana;10.307141;44.169682;567;Toscana;OD:TOS10000184;1
405;TOS10000188;Vagli di Sopra;10.267772;44.118627;803;Toscana;OD:TOS10000188;1
406;TOS10000190;Vagli di Sotto (Diga);10.292688;44.115017;679;Toscana;OD:TOS10000190;1
407;TOS10000198;Casina Rossa;10.409806;44.184217;1103;Toscana;OD:TOS10000198;1
408;TOS10000200;Villacollemandina;10.387754;44.161529;535;Toscana;OD:TOS10000200;1
409;TOS10000201;Piano di Villa;10.39656;44.163672;579;Toscana;OD:TOS10000201;1
410;TOS10000202;Villacollemandina (*);10.398492;44.160767;579;Toscana;OD:TOS10000202;1
411;TOS10000210;Pontecosi;10.38436;44.13402;393;Toscana;OD:TOS10000210;1
412;TOS10000220;Casone di Profecchia;10.447053;44.213371;1322;Toscana;OD:TOS10000220;1
413;TOS10000230;S. Pellegrino in Alpe;10.481625;44.191815;1478;Toscana;OD:TOS10000230;1
414;TOS10000240;Campagrina;10.255328;44.062134;950;Toscana;OD:TOS10000240;1
415;TOS10000245;Puntato;10.294909;44.05358;933;Toscana;OD:TOS10000245;1
416;TOS10000250;Isola Santa;10.31537;44.067086;828;Toscana;OD:TOS10000250;1
417;TOS10000260;Torrite;10.386169;44.104467;329;Toscana;OD:TOS10000260;1
418;TOS10000270;Castelnuovo Garfagnana;10.415527;44.112165;318;Toscana;OD:TOS10000270;1
419;TOS10000272;Bargecchia;10.442384;44.124569;334;Toscana;OD:TOS10000272;1
420;TOS10000274;Fosciandora;10.460971;44.11803;658;Toscana;OD:TOS10000274;1
421;TOS10000276;Renaio;10.527229;44.109151;963;Toscana;OD:TOS10000276;1
422;TOS10000280;Fornovolasco;10.359098;44.029975;539;Toscana;OD:TOS10000280;1
423;TOS10000288;Vergemoli;10.388588;44.053029;528;Toscana;OD:TOS10000288;1
424;TOS10000290;Polla dei Gangheri;10.397761;44.052917;472;Toscana;OD:TOS10000290;1
425;TOS10000300;Gallicano;10.440676;44.064584;194;Toscana;OD:TOS10000300;1
426;TOS10000304;Barga;10.487137;44.075017;397;Toscana;OD:TOS10000304;1
427;TOS10000308;Bacchionero;10.562934;44.117401;1208;Toscana;OD:TOS10000308;1
428;TOS10000309;Piazzana;10.548012;43.571985;58;Toscana;OD:TOS10000309;1
429;TOS10000310;Colmoscato;10.556477;44.109476;900;Toscana;OD:TOS10000310;1
430;TOS10000320;Coreglia;10.530947;44.069217;555;Toscana;OD:TOS10000320;1
431;TOS10000322;Ania;10.517405;44.067057;528;Toscana;OD:TOS10000322;1
432;TOS10000330;Palagnana;10.360665;43.997544;831;Toscana;OD:TOS10000330;1
433;TOS10000334;Vallico di Sopra;10.44759;44.020335;795;Toscana;OD:TOS10000334;1
434;TOS10000340;Tereglio;10.562067;44.056011;469;Toscana;OD:TOS10000340;1
435;TOS10000350;Boscolungo;10.67347;44.139033;1374;Toscana;OD:TOS10000350;1
436;TOS10000360;Melo;10.743863;44.133283;1179;Toscana;OD:TOS10000360;1
437;TOS10000364;Pianosinatico;10.728555;44.122757;845;Toscana;OD:TOS10000364;1
438;TOS10000370;Porrino;10.740469;44.113483;720;Toscana;OD:TOS10000370;1
439;TOS10000380;Pian di Novello;10.692551;44.118075;1253;Toscana;OD:TOS10000380;1
440;TOS10000390;Frassa;10.713465;44.113081;1034;Toscana;OD:TOS10000390;1
441;TOS10000392;Cutigliano;10.756447;44.102345;806;Toscana;OD:TOS10000392;1
442;TOS10000400;Selva dei Porci;10.814263;44.078843;923;Toscana;OD:TOS10000400;1
443;TOS10000408;Tistino (Diga);10.768549;44.080802;610;Toscana;OD:TOS10000408;1
444;TOS10000410;Sperando;10.767624;44.072822;639;Toscana;OD:TOS10000410;1
445;TOS10000420;Monte Oppio;10.837416;44.04408;835;Toscana;OD:TOS10000420;1
446;TOS10000425;Oppiaccio;10.834669;44.040802;807;Toscana;OD:TOS10000425;1
447;TOS10000430;S. Marcello Pistoiese;10.789502;44.057041;610;Toscana;OD:TOS10000430;1
448;TOS10000440;Prunetta;10.805638;44.008754;1012;Toscana;OD:TOS10000440;1
449;TOS10000450;Lima a Fabbriche di Casabasciana;10.643183;44.027728;278;Toscana;OD:TOS10000450;1
450;TOS10000456;Tana;10.718863;44.047096;482;Toscana;OD:TOS10000456;1
451;TOS10000460;Limano;10.681971;44.049086;415;Toscana;OD:TOS10000460;1
452;TOS10000464;Palleggio;10.652872;44.039607;283;Toscana;OD:TOS10000464;1
453;TOS10000470;Bagni di Lucca;10.591518;44.010368;227;Toscana;OD:TOS10000470;1
454;TOS10000472;Fornoli;10.560443;44.008405;290;Toscana;OD:TOS10000472;1
455;TOS10000480;Borgo a Mozzano;10.551059;43.98105;245;Toscana;OD:TOS10000480;1
456;TOS10000484;Convalle;10.417699;43.954535;334;Toscana;OD:TOS10000484;1
457;TOS10000490;Vinchiana;10.532599;43.920143;74;Toscana;OD:TOS10000490;1
458;TOS10000492;Ponte a Moriano;10.535441;43.904754;43;Toscana;OD:TOS10000492;1
459;TOS10000495;Gombitelli;10.3747;43.922017;473;Toscana;OD:TOS10000495;1
460;TOS10000496;Valpromaro;10.382334;43.902027;211;Toscana;OD:TOS10000496;1
461;TOS10000500;Mutigliano;10.476695;43.885856;55;Toscana;OD:TOS10000500;1
462;TOS10000509;Lucca (Ospedale);10.515898;43.851318;20;Toscana;OD:TOS10000509;1
463;TOS10000510;Lucca;10.50513;43.843393;17;Toscana;OD:TOS10000510;1
464;TOS10000511;Lucca (Orto Botanico);10.510888;43.841806;17;Toscana;OD:TOS10000511;1
465;TOS10000518;Vorno;10.515243;43.790768;127;Toscana;OD:TOS10000518;1
466;TOS10000520;Ripafratta;10.417996;43.822719;62;Toscana;OD:TOS10000520;1
467;TOS10000528;Agnano;10.484424;43.735709;128;Toscana;OD:TOS10000528;1
468;TOS10000529;Asciano (Acquedotto);10.480257;43.753051;325;Toscana;OD:TOS10000529;1
469;TOS10000530;Asciano Pisano;10.473658;43.752416;183;Toscana;OD:TOS10000530;1
470;TOS10000531;Asciano (Il Prato);10.476354;43.75094;325;Toscana;OD:TOS10000531;1
471;TOS10000534;Molina di Quosa;10.43289;43.798133;186;Toscana;OD:TOS10000534;1
472;TOS10000535;Pontasserchio;10.402901;43.780858;8;Toscana;OD:TOS10000535;1
473;TOS10000537;Cisanello;10.44456;43.709749;4;Toscana;OD:TOS10000537;1
474;TOS10000540;Pisa (Fac. Agraria);10.413162;43.710727;4;Toscana;OD:TOS10000540;1
475;TOS10000541;Pisa (Serv-Idrog);10.411011;43.713499;4;Toscana;OD:TOS10000541;1
476;TOS10000542;Pisa (Seminario);10.406771;43.723276;2;Toscana;OD:TOS10000542;1
477;TOS10000543;Pisa (Porta a Lucca);10.39929;43.727239;2;Toscana;OD:TOS10000543;1
478;TOS10000550;S. Rossore;10.34577;43.693668;3;Toscana;OD:TOS10000550;1
479;TOS10000560;Pisa S. Giusto;10.402414;43.692455;2;Toscana;OD:TOS10000560;1
481;TOS10000570;Vallucciole;11.670903;43.83865;806;Toscana;OD:TOS10000570;1
482;TOS10000572;Gualdo;11.61131;43.801314;919;Toscana;OD:TOS10000572;1
483;TOS10000574;Vitareta;11.693355;43.851088;1249;Toscana;OD:TOS10000574;1
484;TOS10000580;Stia;11.584922;43.861592;413;Toscana;OD:TOS10000580;1
485;TOS10000590;Montemignaio;11.619896;43.741784;842;Toscana;OD:TOS10000590;1
486;TOS10000592;Strada in Casentino;11.708365;43.742872;384;Toscana;OD:TOS10000592;1
487;TOS10000594;Certomondo;11.762823;43.736165;366;Toscana;OD:TOS10000594;1
488;TOS10000596;Ponte a Poppi;11.768921;43.731066;363;Toscana;OD:TOS10000596;1
489;TOS10000598;Raggiolo;11.713903;43.678545;612;Toscana;OD:TOS10000598;1
490;TOS10000600;Ortignano;11.747848;43.681605;425;Toscana;OD:TOS10000600;1
491;TOS10000610;Camaldoli;11.817303;43.810163;1188;Toscana;OD:TOS10000610;1
492;TOS10000620;Badia Prataglia;11.876832;43.794192;935;Toscana;OD:TOS10000620;1
493;TOS10000623;Partina;11.821729;43.750391;511;Toscana;OD:TOS10000623;1
494;TOS10000624;Soci;11.815713;43.738655;404;Toscana;OD:TOS10000624;1
495;TOS10000625;Pollino;11.825394;43.689707;375;Toscana;OD:TOS10000625;1
496;TOS10000630;Bibbiena (Podere Tripoli);11.823418;43.722934;380;Toscana;OD:TOS10000630;1
497;TOS10000632;Bibbiena (Sc. Elementare);11.818575;43.696448;370;Toscana;OD:TOS10000632;1
498;TOS10000635;Biforco;11.935116;43.742581;652;Toscana;OD:TOS10000635;1
499;TOS10000640;La Verna;11.932899;43.708651;1130;Toscana;OD:TOS10000640;1
500;TOS10000646;Talla;11.789091;43.603805;391;Toscana;OD:TOS10000646;1
501;TOS10000648;Nassa;11.813828000000001;43.608196;342;Toscana;OD:TOS10000648;1
502;TOS10000650;Salutio;11.815305;43.62126;335;Toscana;OD:TOS10000650;1
503;TOS10000652;Subbiano;11.872267;43.575994;278;Toscana;OD:TOS10000652;1
504;TOS10000654;Chiassa Superiore;11.899533;43.535149;296;Toscana;OD:TOS10000654;1
505;TOS10000672;Dolciano;11.933545;43.040146;300;Toscana;OD:TOS10000672;1
506;TOS10000680;Chianciano;11.834466;43.062454;377;Toscana;OD:TOS10000680;1
507;TOS10000681;Chianciano S. Elena;11.821942;43.056605;462;Toscana;OD:TOS10000681;1
508;TOS10000690;Montepulciano;11.783248;43.093426;469;Toscana;OD:TOS10000690;1
509;TOS10000700;Capezzine;11.932172;43.182892;324;Toscana;OD:TOS10000700;1
510;TOS10000710;Abbadia di Montepulciano;11.824874;43.146295;268;Toscana;OD:TOS10000710;1
511;TOS10000716;Burcinella;11.930021;43.303154;271;Toscana;OD:TOS10000716;1
512;TOS10000719;Sinalunga;11.732296;43.218372;362;Toscana;OD:TOS10000719;1
513;TOS10000720;Bettolle;11.808264;43.206447;256;Toscana;OD:TOS10000720;1
514;TOS10000730;Foiano della Chiana;11.813537;43.25683;290;Toscana;OD:TOS10000730;1
515;TOS10000740;Monte S. Savino;11.742378;43.339155;283;Toscana;OD:TOS10000740;1
516;TOS10000743;Pozzo della Chiana;11.799772;43.293814;274;Toscana;OD:TOS10000743;1
517;TOS10000745;Montanare;12.061627;43.260177;423;Toscana;OD:TOS10000745;1
518;TOS10000750;Cortona;11.996384;43.268988;485;Toscana;OD:TOS10000750;1
519;TOS10000760;Castiglion Fiorentino;11.924209;43.342605;340;Toscana;OD:TOS10000760;1
520;TOS10000762;Fontarronco;11.816903;43.363083;245;Toscana;OD:TOS10000762;1
521;TOS10000764;Pieve al Toppo;11.800309;43.412742;246;Toscana;OD:TOS10000764;1
522;TOS10000766;Molinelli;11.940283;43.469641;451;Toscana;OD:TOS10000766;1
523;TOS10000770;Arezzo;11.892818;43.471632;291;Toscana;OD:TOS10000770;1
524;TOS10000780;Arezzo Aeronautica;11.852785;43.455779;251;Toscana;OD:TOS10000780;1
525;TOS10000790;Puglia;11.880834;43.501636;270;Toscana;OD:TOS10000790;1
526;TOS10000796;Impiano;11.721165;43.493168;196;Toscana;OD:TOS10000796;1
527;TOS10000798;Castiglion Fibocchi;11.764987;43.529301;281;Toscana;OD:TOS10000798;1
528;TOS10000800;Laterina;11.713564;43.508475;214;Toscana;OD:TOS10000800;1
529;TOS10000802;Pietraviva;11.586093;43.394119;271;Toscana;OD:TOS10000802;1
530;TOS10000804;Giusterna;11.542366;43.402565;453;Toscana;OD:TOS10000804;1
531;TOS10000810;Badia Agnano;11.648822;43.438143;265;Toscana;OD:TOS10000810;1
532;TOS10000820;Fattoria Migliarina;11.631577;43.49207;238;Toscana;OD:TOS10000820;1
533;TOS10000829;Starda;11.520732;43.461479;516;Toscana;OD:TOS10000829;1
534;TOS10000830;Nusenna in Chianti;11.532277;43.45231;479;Toscana;OD:TOS10000830;1
535;TOS10000840;Montevarchi (Le Coste);11.575558;43.53868;186;Toscana;OD:TOS10000840;1
536;TOS10000842;Montevarchi Circonvallaz;11.568039;43.527451;142;Toscana;OD:TOS10000842;1
537;TOS10000844;Montevarchi Citta';11.569435;43.522728;147;Toscana;OD:TOS10000844;1
538;TOS10000850;S. Giovanni Valdarno;11.538039;43.570673;145;Toscana;OD:TOS10000850;1
539;TOS10000858;S. Clemente;11.642077;43.624857;764;Toscana;OD:TOS10000858;1
540;TOS10000860;Villa dell'Olio;11.633466;43.620689;569;Toscana;OD:TOS10000860;1
541;TOS10000868;Castelnuovo Sabbioni;11.456297;43.549049;208;Toscana;OD:TOS10000868;1
542;TOS10000870;Renacci (Fattoria);11.525713;43.591294;163;Toscana;OD:TOS10000870;1
543;TOS10000880;Pian di Sco';11.555709;43.64582;413;Toscana;OD:TOS10000880;1
544;TOS10000882;S. Romolo;11.538767;43.685093;498;Toscana;OD:TOS10000882;1
545;TOS10000890;Il Palagio;11.429856;43.614937;293;Toscana;OD:TOS10000890;1
546;TOS10000892;Reggello;11.466143;43.614385;192;Toscana;OD:TOS10000892;1
547;TOS10000894;Serraglio;11.467443;43.700612;196;Toscana;OD:TOS10000894;1
548;TOS10000898;Fattoria di Pagnana;11.44248;43.733741;218;Toscana;OD:TOS10000898;1
549;TOS10000900;Vallombrosa;11.556823;43.731499;1050;Toscana;OD:TOS10000900;1
550;TOS10000904;Tosi;11.531214;43.753238;540;Toscana;OD:TOS10000904;1
551;TOS10000905;Rignano;11.450991;43.726266;179;Toscana;OD:TOS10000905;1
552;TOS10000908;Volognano;11.449401;43.760333;207;Toscana;OD:TOS10000908;1
553;TOS10000910;Cavallina;11.23227;43.987347;276;Toscana;OD:TOS10000910;1
554;TOS10000912;Casaglia;11.197975;44.051395;552;Toscana;OD:TOS10000912;1
555;TOS10000915;Monte di Fo';11.28179;44.078742;792;Toscana;OD:TOS10000915;1
556;TOS10000918;S. Lucia Ostale;11.281088;44.066962;616;Toscana;OD:TOS10000918;1
557;TOS10000919;Passo della Futa (*);11.278429;44.095284;832;Toscana;OD:TOS10000919;1
558;TOS10000920;Passo della Futa;11.278429;44.095284;832;Toscana;OD:TOS10000920;1
559;TOS10000922;Barberino di Mugello;11.240847;43.999874;278;Toscana;OD:TOS10000922;1
560;TOS10000923;S. Nicolo' a Latera;11.233654;43.974356;283;Toscana;OD:TOS10000923;1
561;TOS10000930;Ponte a Olmo;11.305781;44.050125;582;Toscana;OD:TOS10000930;1
562;TOS10000934;Pescina;11.257104;43.872607;487;Toscana;OD:TOS10000934;1
563;TOS10000938;Bivigliano;11.321686;43.894721;620;Toscana;OD:TOS10000938;1
564;TOS10000940;Vaglia;11.277149;43.911654;304;Toscana;OD:TOS10000940;1
565;TOS10000950;S. Piero a Sieve;11.333399;43.969795;224;Toscana;OD:TOS10000950;1
566;TOS10000960;S. Agata di Mugello;11.33531;44.021705;337;Toscana;OD:TOS10000960;1
567;TOS10000964;Figliano;11.354823;43.869914;623;Toscana;OD:TOS10000964;1
568;TOS10000970;Vetta alle Croci;11.344487;43.869766;542;Toscana;OD:TOS10000970;1
569;TOS10000971;Calvanella;11.340912;43.865878;494;Toscana;OD:TOS10000971;1
570;TOS10000973;Montesenario;11.334343;43.896804;637;Toscana;OD:TOS10000973;1
571;TOS10000978;S. Ansano;11.386006;43.902849;399;Toscana;OD:TOS10000978;1
572;TOS10000980;Razzuolo;11.468614;44.033396;797;Toscana;OD:TOS10000980;1
573;TOS10000990;Ronta;11.43694;44.009633;457;Toscana;OD:TOS10000990;1
574;TOS10001000;Borgo S. Lorenzo;11.370807;43.956171;195;Toscana;OD:TOS10001000;1
575;TOS10001002;Campestri;11.439103;43.907129;454;Toscana;OD:TOS10001002;1
576;TOS10001004;Fornello;11.490109;44.007315;583;Toscana;OD:TOS10001004;1
577;TOS10001006;Vicchio;11.467624;43.934337;196;Toscana;OD:TOS10001006;1
578;TOS10001010;Villore;11.546251;43.966733;513;Toscana;OD:TOS10001010;1
579;TOS10001020;Castagno;11.660852;43.899297;794;Toscana;OD:TOS10001020;1
580;TOS10001030;Dicomano;11.544405;43.895422;240;Toscana;OD:TOS10001030;1
581;TOS10001032;Rincine;11.606081;43.869679;534;Toscana;OD:TOS10001032;1
582;TOS10001038;Consuma (Villino Alpe);11.598275;43.784504;1006;Toscana;OD:TOS10001038;1
583;TOS10001039;Consuma (*);11.595954;43.779695;1014;Toscana;OD:TOS10001039;1
584;TOS10001040;Consuma;11.58661;43.786345;908;Toscana;OD:TOS10001040;1
585;TOS10001042;Borselli;11.541403;43.797308;693;Toscana;OD:TOS10001042;1
586;TOS10001043;Tosina;11.540896;43.800021;491;Toscana;OD:TOS10001043;1
587;TOS10001045;Rufina;11.487334;43.82731;126;Toscana;OD:TOS10001045;1
588;TOS10001047;Pontassieve;11.441755;43.776973;113;Toscana;OD:TOS10001047;1
589;TOS10001050;Nave di Rosano;11.422501;43.774052;86;Toscana;OD:TOS10001050;1
590;TOS10001060;S. Brigida all'Opaco;11.398101;43.851117;463;Toscana;OD:TOS10001060;1
591;TOS10001062;Torre a Decima;11.406177;43.819324;243;Toscana;OD:TOS10001062;1
592;TOS10001070;Fiesole;11.293869;43.808985;195;Toscana;OD:TOS10001070;1
593;TOS10001080;Firenze Idrografico;11.259264;43.781494;51;Toscana;OD:TOS10001080;1
594;TOS10001081;Firenze (Museo);11.244943;43.764084;65;Toscana;OD:TOS10001081;1
595;TOS10001090;Firenze Ximeniano;11.256334;43.776285;49;Toscana;OD:TOS10001090;1
596;TOS10001091;Firenze (Uff. Arno);11.255804;43.774404;50;Toscana;OD:TOS10001091;1
597;TOS10001093;Firenze (Cascine);11.222619;43.785229;43;Toscana;OD:TOS10001093;1
598;TOS10001100;Bagno a Ripoli;11.327824;43.761345;67;Toscana;OD:TOS10001100;1
599;TOS10001104;Pratolino;11.303255;43.859081;479;Toscana;OD:TOS10001104;1
600;TOS10001105;Le Caldine;11.309673;43.831941;246;Toscana;OD:TOS10001105;1
601;TOS10001106;Cercina;11.2642;43.846356;349;Toscana;OD:TOS10001106;1
602;TOS10001107;Montorsoli;11.284029;43.837858;324;Toscana;OD:TOS10001107;1
603;TOS10001120;Greve in Chianti;11.315894;43.587141;235;Toscana;OD:TOS10001120;1
604;TOS10001125;Testi;11.274074;43.612066;307;Toscana;OD:TOS10001125;1
605;TOS10001130;Ferrone;11.259984;43.655384;188;Toscana;OD:TOS10001130;1
606;TOS10001132;Ponte dei Falciani;11.214818;43.678237;136;Toscana;OD:TOS10001132;1
607;TOS10001134;S. Bartolomeo a Quarate;11.334245;43.693237;226;Toscana;OD:TOS10001134;1
608;TOS10001138;Grassina;11.29311;43.727383;99;Toscana;OD:TOS10001138;1
609;TOS10001140;Antella;11.329965;43.730104;162;Toscana;OD:TOS10001140;1
610;TOS10001144;Scandicci;11.196036;43.751619;43;Toscana;OD:TOS10001144;1
611;TOS10001150;Cantagallo;11.083228;44.023971;494;Toscana;OD:TOS10001150;1
612;TOS10001160;Gavigno;11.091365;44.076131;918;Toscana;OD:TOS10001160;1
613;TOS10001165;Sasseta di Vernio;11.153534;44.065162;492;Toscana;OD:TOS10001165;1
614;TOS10001170;S. Quirico di Vernio;11.155633;44.055894;328;Toscana;OD:TOS10001170;1
615;TOS10001172;Montecuccoli;11.178859;44.010077;604;Toscana;OD:TOS10001172;1
616;TOS10001180;Vaiano;11.128917;43.970504;195;Toscana;OD:TOS10001180;1
617;TOS10001182;Villanova (La Briglia);11.128101;43.937207;150;Toscana;OD:TOS10001182;1
618;TOS10001190;Le Croci di Calenzano;11.214416;43.946505;416;Toscana;OD:TOS10001190;1
619;TOS10001192;Querciola;11.214109;43.93152;301;Toscana;OD:TOS10001192;1
620;TOS10001200;Calenzano;11.165162;43.870065;70;Toscana;OD:TOS10001200;1
621;TOS10001210;Prato Galceti;11.083285;43.910798;116;Toscana;OD:TOS10001210;1
622;TOS10001220;Sesto Fiorentino;11.21574;43.851268;236;Toscana;OD:TOS10001220;1
623;TOS10001222;Settimello;11.181943;43.852459;96;Toscana;OD:TOS10001222;1
624;TOS10001224;Firenze Peretola;11.199688;43.810243;36;Toscana;OD:TOS10001224;1
625;TOS10001230;Prato in Toscana;11.090199;43.88053;59;Toscana;OD:TOS10001230;1
626;TOS10001240;Piteccio;10.898837;44.015076;355;Toscana;OD:TOS10001240;1
627;TOS10001250;Cireglio;10.854748;43.995497;708;Toscana;OD:TOS10001250;1
628;TOS10001252;Montagnana;10.825936;43.956752;334;Toscana;OD:TOS10001252;1
629;TOS10001257;Pistoia (Frutticoltura);10.917998;43.937191;63;Toscana;OD:TOS10001257;1
630;TOS10001258;Pistoia Vivaio;10.908004;43.936359;78;Toscana;OD:TOS10001258;1
631;TOS10001259;Pistoia Ospedale;10.909675;43.933297;70;Toscana;OD:TOS10001259;1
632;TOS10001260;Pistoia;10.90757;43.945019;87;Toscana;OD:TOS10001260;1
633;TOS10001262;Villa di Baggio;10.958193;43.991475;626;Toscana;OD:TOS10001262;1
634;TOS10001270;La Ferruccia;10.998423;43.882107;40;Toscana;OD:TOS10001270;1
635;TOS10001272;Montale;11.01448;43.937466;104;Toscana;OD:TOS10001272;1
636;TOS10001274;Fattoria Iavello;11.071435;43.963008;642;Toscana;OD:TOS10001274;1
637;TOS10001276;Olmi;11.083998;43.912315;116;Toscana;OD:TOS10001276;1
638;TOS10001278;Quarrata;10.99222;43.86781;40;Toscana;OD:TOS10001278;1
639;TOS10001280;La Rugea;11.081866;43.829702;35;Toscana;OD:TOS10001280;1
640;TOS10001281;La Rugea II;11.078851;43.831351;35;Toscana;OD:TOS10001281;1
641;TOS10001282;Comeana;11.059435;43.79585;42;Toscana;OD:TOS10001282;1
642;TOS10001285;Castellina in Chianti;11.280488;43.482643;581;Toscana;OD:TOS10001285;1
643;TOS10001290;Piazza in Chianti;11.285068;43.531938;270;Toscana;OD:TOS10001290;1
644;TOS10001300;S. Andrea in Fabbrica;11.212831;43.592065;267;Toscana;OD:TOS10001300;1
645;TOS10001310;Tenuta del Corno;11.147281;43.622893;305;Toscana;OD:TOS10001310;1
646;TOS10001312;Ponte Rotto;11.16418;43.646524;130;Toscana;OD:TOS10001312;1
647;TOS10001320;S. Martino a Carcheri;11.08329;43.718617;128;Toscana;OD:TOS10001320;1
648;TOS10001325;S. Cecilia;11.192354;43.660933;261;Toscana;OD:TOS10001325;1
649;TOS10001330;Bonazza;11.169478;43.590465;298;Toscana;OD:TOS10001330;1
650;TOS10001340;Montespertoli;11.078056;43.644386;201;Toscana;OD:TOS10001340;1
651;TOS10001350;Empoli (Prunecchio);10.990628;43.711355;32;Toscana;OD:TOS10001350;1
652;TOS10001360;Martignana;10.968004;43.691399;57;Toscana;OD:TOS10001360;1
653;TOS10001362;Empoli;10.928189;43.788597;90;Toscana;OD:TOS10001362;1
654;TOS10001370;Vinci;10.928189;43.788597;90;Toscana;OD:TOS10001370;1
655;TOS10001380;Simignano;11.168881;43.293748;453;Toscana;OD:TOS10001380;1
656;TOS10001382;Suvera;11.141878;43.314607;437;Toscana;OD:TOS10001382;1
657;TOS10001383;Pieve Scola;11.132463;43.311614;273;Toscana;OD:TOS10001383;1
658;TOS10001388;Scorgiano;11.159409;43.353833;292;Toscana;OD:TOS10001388;1
659;TOS10001390;Casole d'Elsa;11.044005;43.343321;321;Toscana;OD:TOS10001390;1
660;TOS10001392;Quartaia;11.089403;43.38745;254;Toscana;OD:TOS10001392;1
661;TOS10001400;Colle Val d'Elsa;11.127179;43.423003;153;Toscana;OD:TOS10001400;1
662;TOS10001402;Strove;11.173846;43.380779;258;Toscana;OD:TOS10001402;1
663;TOS10001404;Tenuta del Casone;11.187585;43.395859;211;Toscana;OD:TOS10001404;1
664;TOS10001406;Lilliano;11.254734;43.438494;305;Toscana;OD:TOS10001406;1
665;TOS10001408;Fattoria di Maltraverso;11.150947;43.438694;148;Toscana;OD:TOS10001408;1
666;TOS10001410;Poggibonsi;11.176829;43.466251;161;Toscana;OD:TOS10001410;1
667;TOS10001420;S. Gimignano;11.042352;43.47229;226;Toscana;OD:TOS10001420;1
668;TOS10001422;Vico d'Elsa;11.108183;43.513053;129;Toscana;OD:TOS10001422;1
669;TOS10001424;Barberino val d'Elsa;11.172943;43.542183;319;Toscana;OD:TOS10001424;1
670;TOS10001430;Certaldo;11.044585;43.547613;81;Toscana;OD:TOS10001430;1
671;TOS10001440;Gambassi;10.955862;43.540973;307;Toscana;OD:TOS10001440;1
672;TOS10001450;Castelfiorentino;10.968465;43.603018;66;Toscana;OD:TOS10001450;1
673;TOS10001454;Torricella;10.912807;43.627599;87;Toscana;OD:TOS10001454;1
674;TOS10001456;Campriano;10.904736;43.640879;113;Toscana;OD:TOS10001456;1
675;TOS10001458;Prunetta Bussagna;10.915315;43.638271;85;Toscana;OD:TOS10001458;1
676;TOS10001460;Rio Broccolino;10.933938;43.642955;37;Toscana;OD:TOS10001460;1
677;TOS10001470;S. Chiara;10.912807;43.627599;87;Toscana;OD:TOS10001470;1
678;TOS10001472;Carraia;10.902433;43.654333;84;Toscana;OD:TOS10001472;1
679;TOS10001474;Fontaccia;10.913638;43.651805;60;Toscana;OD:TOS10001474;1
680;TOS10001476;Meleto (Fatt. Granaiolo);10.92591;43.647817;55;Toscana;OD:TOS10001476;1
681;TOS10001480;Meleto;10.930414;43.650983;35;Toscana;OD:TOS10001480;1
682;TOS10001482;Casanova (*);10.921364;43.656897;38;Toscana;OD:TOS10001482;1
683;TOS10001488;S. Miniato;10.856285;43.681923;105;Toscana;OD:TOS10001488;1
684;TOS10001490;S. Miniato (Cimitero);10.831575;43.68402;42;Toscana;OD:TOS10001490;1
685;TOS10001495;S. Miniato (Volpaio);10.870296;43.661706;86;Toscana;OD:TOS10001495;1
686;TOS10001500;Fattoria Scaletta;10.831991;43.709147;19;Toscana;OD:TOS10001500;1
687;TOS10001510;S. Giovanni Corazzano;10.863151;43.629184;94;Toscana;OD:TOS10001510;1
688;TOS10001520;Marti;10.747468;43.64947;95;Toscana;OD:TOS10001520;1
689;TOS10001530;S. Gervasio;10.732544;43.628493;79;Toscana;OD:TOS10001530;1
690;TOS10001540;Boveglio;10.642308;43.968903;705;Toscana;OD:TOS10001540;1
691;TOS10001545;Villabasilica;10.646871;43.926521;293;Toscana;OD:TOS10001545;1
692;TOS10001550;Stiappa;10.711244;43.994901;582;Toscana;OD:TOS10001550;1
693;TOS10001556;Macchia Antonini;10.786807;43.990233;971;Toscana;OD:TOS10001556;1
694;TOS10001560;Serra Pistoiese;10.75975;43.975617;700;Toscana;OD:TOS10001560;1
695;TOS10001570;Vellano;10.722324;43.95539;515;Toscana;OD:TOS10001570;1
696;TOS10001580;Pescia;10.689332;43.91046;133;Toscana;OD:TOS10001580;1
697;TOS10001590;Ponte Buggianese;10.748614;43.840286;18;Toscana;OD:TOS10001590;1
698;TOS10001592;Borgo a Buggiano;10.726814;43.882304;40;Toscana;OD:TOS10001592;1
699;TOS10001594;Massa di Cozzile;10.746555;43.910365;249;Toscana;OD:TOS10001594;1
700;TOS10001600;Montecatini Terme;10.773986;43.896797;120;Toscana;OD:TOS10001600;1
701;TOS10001610;Marliana;10.773258;43.920488;376;Toscana;OD:TOS10001610;1
702;TOS10001620;Monsummano;10.816269;43.864395;23;Toscana;OD:TOS10001620;1
703;TOS10001622;Cecina Larciano;10.87358;43.846678;88;Toscana;OD:TOS10001622;1
704;TOS10001630;Castelmartini;10.832717;43.824472;22;Toscana;OD:TOS10001630;1
705;TOS10001635;Giugnano;10.908648;43.838445;332;Toscana;OD:TOS10001635;1
706;TOS10001640;Spicchio;10.907071;43.824065;118;Toscana;OD:TOS10001640;1
707;TOS10001642;Lamporecchio;10.89916;43.821676;84;Toscana;OD:TOS10001642;1
708;TOS10001650;Stabbia;10.831158;43.789743;22;Toscana;OD:TOS10001650;1
709;TOS10001652;Poggio Pacini;10.830997;43.755982;51;Toscana;OD:TOS10001652;1
710;TOS10001654;Le Vedute;10.757821;43.759832;69;Toscana;OD:TOS10001654;1
711;TOS10001655;Castelfranco Sotto;10.743991;43.704941;14;Toscana;OD:TOS10001655;1
712;TOS10001660;Volterra;10.852279;43.412004;358;Toscana;OD:TOS10001660;1
713;TOS10001661;Volterra (Osservatorio);10.860775;43.406337;494;Toscana;OD:TOS10001661;1
714;TOS10001662;Volterra (Ospedale);10.871342;43.40124;460;Toscana;OD:TOS10001662;1
715;TOS10001663;Volterra (Ist-Mag);10.863559;43.410506;372;Toscana;OD:TOS10001663;1
716;TOS10001670;Volterra (Aeronautica);10.862163;43.410502;372;Toscana;OD:TOS10001670;1
717;TOS10001680;La Madonnina;10.909943;43.455508;271;Toscana;OD:TOS10001680;1
718;TOS10001682;Montignoso;10.901947;43.497313;534;Toscana;OD:TOS10001682;1
719;TOS10001684;Vicarello;10.835326;43.470219;166;Toscana;OD:TOS10001684;1
720;TOS10001690;Villamagna;10.839962;43.488558;188;Toscana;OD:TOS10001690;1
721;TOS10001700;Fattoria Spedaletto;10.782337;43.45503;112;Toscana;OD:TOS10001700;1
722;TOS10001710;Orciatico;10.723384;43.435585;276;Toscana;OD:TOS10001710;1
723;TOS10001720;Laiatico;10.724471;43.471675;153;Toscana;OD:TOS10001720;1
724;TOS10001722;Osteria della Sterza;10.729783;43.501848;80;Toscana;OD:TOS10001722;1
725;TOS10001730;Terricciola;10.677209;43.526313;123;Toscana;OD:TOS10001730;1
726;TOS10001740;Castelfalfi;10.860958;43.55003;194;Toscana;OD:TOS10001740;1
727;TOS10001742;Cedri;10.81861;43.510554;143;Toscana;OD:TOS10001742;1
728;TOS10001750;Ghizzano di Peccioli;10.791269;43.539799;159;Toscana;OD:TOS10001750;1
729;TOS10001760;Legoli;10.793764;43.571921;182;Toscana;OD:TOS10001760;1
730;TOS10001762;Montefoscoli;10.758158;43.580201;95;Toscana;OD:TOS10001762;1
731;TOS10001764;Peccioli;10.720778;43.550606;78;Toscana;OD:TOS10001764;1
732;TOS10001770;Villa Saletta (Fogliano);10.715222;43.590397;38;Toscana;OD:TOS10001770;1
733;TOS10001772;Alica;10.724041;43.599899;110;Toscana;OD:TOS10001772;1
734;TOS10001780;Casciana Terme;10.618437;43.526575;97;Toscana;OD:TOS10001780;1
735;TOS10001790;S. Giovanni alla Vena;10.586692;43.68666;13;Toscana;OD:TOS10001790;1
736;TOS10001800;Monte Serra;10.555;43.751788;727;Toscana;OD:TOS10001800;1
737;TOS10001810;Montemagno;10.539867;43.723541;197;Toscana;OD:TOS10001810;1
738;TOS10001820;S. Piero a Grado;10.347283;43.678073;2;Toscana;OD:TOS10001820;1
739;TOS10001830;Coltano;10.391303;43.639594;4;Toscana;OD:TOS10001830;1
740;TOS10001840;Pizzorne;10.608925;43.935255;832;Toscana;OD:TOS10001840;1
741;TOS10001850;Segromigno Monte;10.594479;43.895842;141;Toscana;OD:TOS10001850;1
742;TOS10001852;Porcari;10.620301;43.842538;60;Toscana;OD:TOS10001852;1
743;TOS10001860;Montecarlo;10.66658;43.856053;79;Toscana;OD:TOS10001860;1
744;TOS10001870;Chiesina di Padule;10.624832;43.803218;8;Toscana;OD:TOS10001870;1
745;TOS10001880;Massa Macinaia;10.548668;43.800044;42;Toscana;OD:TOS10001880;1
746;TOS10001890;Orentano;10.658026;43.776315;16;Toscana;OD:TOS10001890;1
747;TOS10001892;Castelvecchio;10.610691;43.762721;49;Toscana;OD:TOS10001892;1
748;TOS10001900;Staffoli;10.703284;43.755391;30;Toscana;OD:TOS10001900;1
749;TOS10001902;Bientina;10.622021;43.71304;11;Toscana;OD:TOS10001902;1
750;TOS10001905;S. Prospero;10.502983;43.683848;6;Toscana;OD:TOS10001905;1
751;TOS10001910;Pontedera;10.631418;43.662873;17;Toscana;OD:TOS10001910;1
752;TOS10001912;Latignano;10.55629;43.652908;8;Toscana;OD:TOS10001912;1
753;TOS10001913;Ponsacco;10.63353;43.620317;23;Toscana;OD:TOS10001913;1
754;TOS10001915;Cenaia;10.537294;43.608236;17;Toscana;OD:TOS10001915;1
755;TOS10001920;Lorenzana;10.53536;43.53704;89;Toscana;OD:TOS10001920;1
756;TOS10001929;Collalto;10.449533;43.534739;80;Toscana;OD:TOS10001929;1
757;TOS10001930;Parrana S. Martino;10.442823;43.538786;80;Toscana;OD:TOS10001930;1
758;TOS10001940;Nugola;10.439887;43.576948;42;Toscana;OD:TOS10001940;1
759;TOS10001950;Mortaiolo;10.437769;43.607325;12;Toscana;OD:TOS10001950;1
760;TOS10001951;Nugola Nuova;10.437319;43.604044;12;Toscana;OD:TOS10001951;1
761;TOS10001954;Montemasso;10.408688;43.561181;72;Toscana;OD:TOS10001954;1
762;TOS10001959;Livorno Scuola;10.324058;43.545015;10;Toscana;OD:TOS10001959;1
763;TOS10001960;Livorno;10.308738;43.552358;3;Toscana;OD:TOS10001960;1
764;TOS10001962;Montaccio;10.359045;43.484347;263;Toscana;OD:TOS10001962;1
765;TOS10001970;Quercianella;10.368514;43.460103;64;Toscana;OD:TOS10001970;1
766;TOS10001980;Nibbiaia;10.418473;43.466247;243;Toscana;OD:TOS10001980;1
767;TOS10001990;Casacce;10.508943;43.445459;49;Toscana;OD:TOS10001990;1
768;TOS10002000;S. Luce;10.567533;43.474655;265;Toscana;OD:TOS10002000;1
769;TOS10002004;Pomaia;10.566151;43.435506;172;Toscana;OD:TOS10002004;1
770;TOS10002006;Colognole;10.447463;43.510274;163;Toscana;OD:TOS10002006;1
771;TOS10002008;Villa Borghi;10.476795;43.460016;53;Toscana;OD:TOS10002008;1
772;TOS10002010;Castelnuovo Misericordia;10.665443;43.411142;347;Toscana;OD:TOS10002010;1
773;TOS10002012;Rosignano Mar (Poggetti);10.48278;43.406453;134;Toscana;OD:TOS10002012;1
774;TOS10002014;Rosignano Marittimo;10.475905;43.408163;82;Toscana;OD:TOS10002014;1
775;TOS10002015;Castellina Marittima;10.575423;43.411877;459;Toscana;OD:TOS10002015;1
776;TOS10002020;Marmolaio;10.557687;43.423466;151;Toscana;OD:TOS10002020;1
777;TOS10002030;Quercioletta;10.447969;43.391592;33;Toscana;OD:TOS10002030;1
778;TOS10002040;Terriccio;10.542922;43.384434;216;Toscana;OD:TOS10002040;1
779;TOS10002042;Polveroni di Vada;10.457756;43.372378;6;Toscana;OD:TOS10002042;1
780;TOS10002044;Vada (Osservatorio);10.464424;43.351943;7;Toscana;OD:TOS10002044;1
781;TOS10002050;Vada (Bonifica);10.459493;43.329;2;Toscana;OD:TOS10002050;1
782;TOS10002060;Cecina (Terriccio Basso);10.498755;43.320524;7;Toscana;OD:TOS10002060;1
783;TOS10002070;Gerfalco;10.97915;43.148618;686;Toscana;OD:TOS10002070;1
784;TOS10002072;Travale;11.007186;43.167309;452;Toscana;OD:TOS10002072;1
785;TOS10002080;Anqua;10.962219;43.215182;520;Toscana;OD:TOS10002080;1
786;TOS10002090;Radicondoli;11.043149;43.262568;420;Toscana;OD:TOS10002090;1
787;TOS10002092;Monteguidi;11.007083;43.299224;355;Toscana;OD:TOS10002092;1
788;TOS10002100;Castelnuovo V. Cecina;10.905967;43.215503;546;Toscana;OD:TOS10002100;1
789;TOS10002110;Larderello;10.883635;43.237934;434;Toscana;OD:TOS10002110;1
790;TOS10002113;Molino di Berignone;10.918679;43.310647;121;Toscana;OD:TOS10002113;1
791;TOS10002114;Ponzano;10.99016;43.366152;316;Toscana;OD:TOS10002114;1
792;TOS10002116;Casa Macie;10.877248;43.326642;91;Toscana;OD:TOS10002116;1
793;TOS10002120;Saline di Volterra;10.81599;43.361127;84;Toscana;OD:TOS10002120;1
794;TOS10002130;Montecatini V. Cecina;10.753154;43.394658;273;Toscana;OD:TOS10002130;1
795;TOS10002140;Cacciatina;10.782143;43.359994;85;Toscana;OD:TOS10002140;1
796;TOS10002142;Buriano;10.752588;43.366439;210;Toscana;OD:TOS10002142;1
797;TOS10002150;Ponteginori;10.746467;43.333793;73;Toscana;OD:TOS10002150;1
798;TOS10002160;Libbiano;10.80801;43.283546;251;Toscana;OD:TOS10002160;1
799;TOS10002162;Micciano;10.773021;43.199092;353;Toscana;OD:TOS10002162;1
800;TOS10002170;Canneto;10.73887;43.201418;310;Toscana;OD:TOS10002170;1
801;TOS10002180;Sassa;10.694128;43.261428;197;Toscana;OD:TOS10002180;1
802;TOS10002190;Querceto;10.72899;43.296024;214;Toscana;OD:TOS10002190;1
803;TOS10002200;Mocaio;10.689912;43.367202;184;Toscana;OD:TOS10002200;1
804;TOS10002210;Miemo;10.665191;43.410965;347;Toscana;OD:TOS10002210;1
805;TOS10002220;Montescudaio;10.614793;43.268789;82;Toscana;OD:TOS10002220;1
806;TOS10002230;Riparbella;10.598507;43.364419;166;Toscana;OD:TOS10002230;1
807;TOS10002237;Foresta Giardino (i);10.545709;43.355646;79;Toscana;OD:TOS10002237;1
808;TOS10002238;Foresta Giardino (e);10.539743;43.349063;54;Toscana;OD:TOS10002238;1
809;TOS10002240;Cecina;10.51333;43.308986;11;Toscana;OD:TOS10002240;1
810;TOS10002241;Pineta Marina Cecina (i);10.509541;43.285445;3;Toscana;OD:TOS10002241;1
811;TOS10002242;Pineta Marina Cecina (e);10.512556;43.287746;3;Toscana;OD:TOS10002242;1
812;TOS10002243;Cecina (Paludetto);10.509653;43.29994;7;Toscana;OD:TOS10002243;1
813;TOS10002244;Cecina (Ghinchia);10.532108;43.285865;10;Toscana;OD:TOS10002244;1
814;TOS10002246;Cecina (Zuccherificio);10.512695;43.310228;11;Toscana;OD:TOS10002246;1
815;TOS10002249;Bibbona (Forestale);10.630299;43.27037;151;Toscana;OD:TOS10002249;1
816;TOS10002250;Bibbona (S. Elena);10.614932;43.266608;82;Toscana;OD:TOS10002250;1
817;TOS10002251;Bibbona;10.595566;43.266268;71;Toscana;OD:TOS10002251;1
818;TOS10002258;Bolgheri (Stazione);10.553169;43.246501;11;Toscana;OD:TOS10002258;1
819;TOS10002260;Castelluccio;10.618405;43.226057;102;Toscana;OD:TOS10002260;1
820;TOS10002265;Renaione;10.541714;43.219643;4;Toscana;OD:TOS10002265;1
821;TOS10002270;Castagneto Carducci;10.622145;43.162747;176;Toscana;OD:TOS10002270;1
822;TOS10002278;Donoratico;10.582066;43.152475;36;Toscana;OD:TOS10002278;1
823;TOS10002280;Porcareccia;10.567552;43.149236;50;Toscana;OD:TOS10002280;1
824;TOS10002282;S. Vincenzo;10.539782;43.101168;11;Toscana;OD:TOS10002282;1
825;TOS10002290;S. Carlo Solvay;10.593867;43.101778;222;Toscana;OD:TOS10002290;1
826;TOS10002295;Rimigliano;10.539403;43.046784;7;Toscana;OD:TOS10002295;1
827;TOS10002300;Populonia;10.490456;42.990162;127;Toscana;OD:TOS10002300;1
828;TOS10002310;Sasso Pisano;10.85678;43.176873;400;Toscana;OD:TOS10002310;1
829;TOS10002320;Gorgo Leccia;10.867549;43.211275;693;Toscana;OD:TOS10002320;1
830;TOS10002330;Serrazzano Paese;10.812476;43.22013;515;Toscana;OD:TOS10002330;1
831;TOS10002340;Serrazzano Centrale;10.805423;43.204348;325;Toscana;OD:TOS10002340;1
832;TOS10002350;Lago;10.814903;43.152512;217;Toscana;OD:TOS10002350;1
833;TOS10002360;Lustignano;10.803961;43.188163;326;Toscana;OD:TOS10002360;1
834;TOS10002370;Monterotondo;10.855547;43.1524;629;Toscana;OD:TOS10002370;1
835;TOS10002380;Sassetta;10.646143;43.131113;275;Toscana;OD:TOS10002380;1
836;TOS10002390;Molino del Balzone;10.724429;43.114742;81;Toscana;OD:TOS10002390;1
837;TOS10002400;S. Costanza;10.924094;43.10674;470;Toscana;OD:TOS10002400;1
838;TOS10002402;Poggetto delle Rocche;10.896049;43.101941;413;Toscana;OD:TOS10002402;1
839;TOS10002410;Suvereto;10.682516;43.078852;103;Toscana;OD:TOS10002410;1
840;TOS10002420;Campiglia Marittima;10.616798;43.057873;118;Toscana;OD:TOS10002420;1
841;TOS10002430;Venturina;10.610256;43.023747;14;Toscana;OD:TOS10002430;1
842;TOS10002432;Casello di Cornia;10.562399;42.98533;4;Toscana;OD:TOS10002432;1
843;TOS10002434;Casalappi;10.675374;43.026324;23;Toscana;OD:TOS10002434;1
844;TOS10002440;Vignarca;10.602922;42.968245;2;Toscana;OD:TOS10002440;1
846;TOS10002450;Vignale;10.669166;42.969324;11;Toscana;OD:TOS10002450;1
847;TOS10002460;Follonica;10.761711;42.923003;6;Toscana;OD:TOS10002460;1
848;TOS10002470;Massa Marittima Azienda;10.894275;43.051329;331;Toscana;OD:TOS10002470;1
849;TOS10002471;Massa Marittima;10.893116;43.047628;402;Toscana;OD:TOS10002471;1
850;TOS10002472;Fattoria Tesoro;10.840521;43.024507;171;Toscana;OD:TOS10002472;1
851;TOS10002480;Montebamboli;10.811265;43.079272;226;Toscana;OD:TOS10002480;1
852;TOS10002490;Montioni;10.761766;43.015121;100;Toscana;OD:TOS10002490;1
853;TOS10002500;Tesorino;10.800602;42.977237;31;Toscana;OD:TOS10002500;1
854;TOS10002502;Valpiana;10.851783;43.007217;157;Toscana;OD:TOS10002502;1
855;TOS10002505;Camporotondo;10.85744;42.956329;34;Toscana;OD:TOS10002505;1
856;TOS10002510;Scarlino;10.851702;42.910506;100;Toscana;OD:TOS10002510;1
857;TOS10002520;Castel di Pietra;10.997816;42.958746;45;Toscana;OD:TOS10002520;1
858;TOS10002522;Ribolla;11.035433;42.965557;50;Toscana;OD:TOS10002522;1
859;TOS10002524;Roccatederighi;11.079815;43.027251;508;Toscana;OD:TOS10002524;1
860;TOS10002530;Roccastrada;11.16947;43.011494;430;Toscana;OD:TOS10002530;1
861;TOS10002534;Montepescali;11.087691;42.883572;75;Toscana;OD:TOS10002534;1
862;TOS10002540;Lupo;11.006358;42.897138;14;Toscana;OD:TOS10002540;1
863;TOS10002550;Caldana;10.92608;42.894112;107;Toscana;OD:TOS10002550;1
864;TOS10002560;Tirli;10.897642;42.846629;351;Toscana;OD:TOS10002560;1
865;TOS10002570;Batignano;11.16573;42.86805;168;Toscana;OD:TOS10002570;1
866;TOS10002574;Montepescali Scalo;11.067225;42.871337;17;Toscana;OD:TOS10002574;1
867;TOS10002580;Acquisti;11.060416;42.848331;5;Toscana;OD:TOS10002580;1
868;TOS10002582;Fornace della Bruna;11.039674;42.834011;6;Toscana;OD:TOS10002582;1
869;TOS10002585;Castiglione della Pescaia;10.919103;42.761868;1;Toscana;OD:TOS10002585;1
870;TOS10002590;Grosseto;11.117392;42.751393;9;Toscana;OD:TOS10002590;1
871;TOS10002600;Grosseto Aeronautica;11.085892;42.765792;7;Toscana;OD:TOS10002600;1
872;TOS10002610;S. Leopoldo;10.979112;42.751598;1;Toscana;OD:TOS10002610;1
873;TOS10002612;Monastero d'Ombrone;11.552244;43.349581;269;Toscana;OD:TOS10002612;1
874;TOS10002616;Rapolano;11.603325;43.289003;322;Toscana;OD:TOS10002616;1
875;TOS10002618;Asciano;11.560261;43.237932;219;Toscana;OD:TOS10002618;1
876;TOS10002620;Monte Oliveto;11.544107;43.176749;263;Toscana;OD:TOS10002620;1
877;TOS10002622;Percenna;11.493373;43.140904;178;Toscana;OD:TOS10002622;1
878;TOS10002628;Castellina in Chianti(*);11.289704;43.471294;543;Toscana;OD:TOS10002628;1
879;TOS10002630;Radda in Chianti;11.389575;43.49266;404;Toscana;OD:TOS10002630;1
880;TOS10002631;S. Maria di Radda;11.380271;43.485651;464;Toscana;OD:TOS10002631;1
881;TOS10002640;Vagliagli;11.34719;43.438002;417;Toscana;OD:TOS10002640;1
882;TOS10002642;Madonna a Brolio;11.456611;43.416506;416;Toscana;OD:TOS10002642;1
883;TOS10002645;S. Gusme';11.498934;43.389927;452;Toscana;OD:TOS10002645;1
884;TOS10002650;S. Felice;11.459736;43.389967;367;Toscana;OD:TOS10002650;1
885;TOS10002655;Villa a Sesta;11.481583;43.386793;438;Toscana;OD:TOS10002655;1
886;TOS10002658;Corsignano;11.347325;43.394852;407;Toscana;OD:TOS10002658;1
887;TOS10002660;Siena Poggio al Vento;11.312592;43.320448;313;Toscana;OD:TOS10002660;1
888;TOS10002670;Siena Universita';11.332591;43.320104;312;Toscana;OD:TOS10002670;1
889;TOS10002678;Ponte a Tressa;11.394315;43.255394;166;Toscana;OD:TOS10002678;1
890;TOS10002680;Taverne d'Arbia;11.4164;43.295133;206;Toscana;OD:TOS10002680;1
891;TOS10002690;Monteroni d'Arbia;11.415848;43.240714;167;Toscana;OD:TOS10002690;1
892;TOS10002692;Montauto d'Arbia;11.490384;43.20652;234;Toscana;OD:TOS10002692;1
893;TOS10002700;Montalcino;11.487730000000001;43.054621;547;Toscana;OD:TOS10002700;1
894;TOS10002704;Murlo;11.389343;43.162844;268;Toscana;OD:TOS10002704;1
895;TOS10002710;Boccheggiano;11.035925;43.091793;521;Toscana;OD:TOS10002710;1
896;TOS10002720;Chiusdino;11.07573;43.157126;529;Toscana;OD:TOS10002720;1
897;TOS10002722;S. Galgano;11.156562;43.154324;303;Toscana;OD:TOS10002722;1
898;TOS10002730;Travale II;11.052879;43.198283000000004;370;Toscana;OD:TOS10002730;1
899;TOS10002732;Montalcinello;11.08135;43.19911;337;Toscana;OD:TOS10002732;1
900;TOS10002740;Cotorniano (Fattoria);11.140385;43.247463;500;Toscana;OD:TOS10002740;1
902;TOS10002750;Rosia;11.222219;43.248693;210;Toscana;OD:TOS10002750;1
903;TOS10002752;Torri;11.222726;43.235537;213;Toscana;OD:TOS10002752;1
904;TOS10002758;S. Colomba;11.229133;43.326058;328;Toscana;OD:TOS10002758;1
905;TOS10002760;Sovicille;11.229456;43.281598;235;Toscana;OD:TOS10002760;1
906;TOS10002762;Bagnaia;11.318894;43.21895;318;Toscana;OD:TOS10002762;1
907;TOS10002764;Bagni del Doccio;11.290906;43.155404;173;Toscana;OD:TOS10002764;1
908;TOS10002765;S. Lorenzo a Merse;11.27386;43.149108;217;Toscana;OD:TOS10002765;1
909;TOS10002770;Tocchi;11.263905;43.135276;346;Toscana;OD:TOS10002770;1
910;TOS10002772;Ornate;11.297595;43.123844;163;Toscana;OD:TOS10002772;1
911;TOS10002780;Torniella;11.154591;43.075437;341;Toscana;OD:TOS10002780;1
912;TOS10002790;Pari;11.321564;43.065282;295;Toscana;OD:TOS10002790;1
913;TOS10002792;Casenovole;11.334434;43.035485;217;Toscana;OD:TOS10002792;1
914;TOS10002800;Monte Antico;11.359917;42.982961;78;Toscana;OD:TOS10002800;1
915;TOS10002820;Spineta;11.845871;42.949257;613;Toscana;OD:TOS10002820;1
916;TOS10002822;Pietre Bianche;11.797474;42.903718;597;Toscana;OD:TOS10002822;1
917;TOS10002824;Radicofani;11.769898;42.900607;746;Toscana;OD:TOS10002824;1
918;TOS10002825;Campo alle Capanne;11.651824;42.950453;671;Toscana;OD:TOS10002825;1
919;TOS10002826;Podere Nuovo (S. Piero);11.771636;42.974851;347;Toscana;OD:TOS10002826;1
920;TOS10002828;Castiglioncello Trinoro;11.814774;42.993067;791;Toscana;OD:TOS10002828;1
921;TOS10002830;Campiglia d'Orcia;11.665541;42.95018;633;Toscana;OD:TOS10002830;1
922;TOS10002834;Podere Riscatto;11.724609;42.956802;509;Toscana;OD:TOS10002834;1
923;TOS10002837;Castelvecchio d'Orcia;11.732632;42.99677;362;Toscana;OD:TOS10002837;1
924;TOS10002838;Le Checche;11.718264;43.027007;334;Toscana;OD:TOS10002838;1
925;TOS10002840;S. Isabella;11.695849;42.977563;343;Toscana;OD:TOS10002840;1
926;TOS10002850;Podere Pianotta;11.701305;42.956544;409;Toscana;OD:TOS10002850;1
927;TOS10002860;La Foce;11.780613;43.017539;570;Toscana;OD:TOS10002860;1
928;TOS10002870;Spedaletto;11.664579;43.030071;271;Toscana;OD:TOS10002870;1
929;TOS10002880;Pienza (Madonnina);11.679479;43.079112;455;Toscana;OD:TOS10002880;1
930;TOS10002881;Pienza (Osservatorio);11.679161;43.077714;455;Toscana;OD:TOS10002881;1
931;TOS10002882;Castiglione d'Orcia;11.617362;43.006399;426;Toscana;OD:TOS10002882;1
932;TOS10002883;S. Quirico d'Orcia;11.605654;43.060243;400;Toscana;OD:TOS10002883;1
933;TOS10002884;Montecalvoli;11.640575;43.209813;399;Toscana;OD:TOS10002884;1
934;TOS10002885;Montisi;11.652514;43.158663;386;Toscana;OD:TOS10002885;1
935;TOS10002886;Lucignano d'Asso;11.592944;43.125723;317;Toscana;OD:TOS10002886;1
936;TOS10002887;Cosona;11.603739;43.113592;339;Toscana;OD:TOS10002887;1
937;TOS10002900;Castel del Piano;11.534185;42.893105;548;Toscana;OD:TOS10002900;1
938;TOS10002910;Vivo d'Orcia;11.642648;42.935133;867;Toscana;OD:TOS10002910;1
940;TOS10002913;Monte Amiata (Ferrovia);11.624417;42.88963;1636;Toscana;OD:TOS10002913;1
941;TOS10002914;Casello del Guardiano;11.605549;42.892312;1269;Toscana;OD:TOS10002914;1
942;TOS10002916;S. Angelo in Colle;11.461594;42.99536;386;Toscana;OD:TOS10002916;1
943;TOS10002918;Cinigiano;11.394816;42.893045;243;Toscana;OD:TOS10002918;1
944;TOS10002919;Paganico Pian Colombaio;11.323535;42.948317;74;Toscana;OD:TOS10002919;1
945;TOS10002920;Paganico;11.286147;42.941642;95;Toscana;OD:TOS10002920;1
946;TOS10002925;Pietratonda;11.223855;42.939106;110;Toscana;OD:TOS10002925;1
947;TOS10002930;Campagnatico;11.276449;42.884655;84;Toscana;OD:TOS10002930;1
948;TOS10002940;Granaione;11.325372;42.826086;97;Toscana;OD:TOS10002940;1
949;TOS10002950;Cana;11.425922;42.797705;512;Toscana;OD:TOS10002950;1
950;TOS10002952;Montorgiali;11.299794;42.73831;361;Toscana;OD:TOS10002952;1
951;TOS10002954;Istia;11.192815;42.784354;18;Toscana;OD:TOS10002954;1
952;TOS10002958;Poggio Cavallo;11.178614;42.769857;24;Toscana;OD:TOS10002958;1
953;TOS10002960;Ponte Tura;11.16598;42.764473;16;Toscana;OD:TOS10002960;1
954;TOS10002968;Alberese FFSS;11.135806;42.640811;79;Toscana;OD:TOS10002968;1
955;TOS10002970;Alberese Podere 129;11.142315;42.673511;21;Toscana;OD:TOS10002970;1
956;TOS10002980;Alberese Idraulico;11.092726;42.695944;5;Toscana;OD:TOS10002980;1
957;TOS10002990;Collecchio;11.144551;42.622007;25;Toscana;OD:TOS10002990;1
958;TOS10003000;Talamone;11.159263;42.564322;9;Toscana;OD:TOS10003000;1
959;TOS10003004;Montiano;11.224258;42.648312;205;Toscana;OD:TOS10003004;1
960;TOS10003010;Poggio Perotto;11.256422;42.615129;86;Toscana;OD:TOS10003010;1
961;TOS10003020;Roccalbegna;11.511207;42.786484;600;Toscana;OD:TOS10003020;1
962;TOS10003022;Triana;11.54902;42.789402;736;Toscana;OD:TOS10003022;1
963;TOS10003030;Petricci;11.559902;42.756787;733;Toscana;OD:TOS10003030;1
964;TOS10003040;Capanne;11.543856;42.685646;399;Toscana;OD:TOS10003040;1
965;TOS10003050;Cancellone;11.459885;42.752181;629;Toscana;OD:TOS10003050;1
966;TOS10003052;Usi;11.463412;42.72401;363;Toscana;OD:TOS10003052;1
967;TOS10003054;Montemerano;11.492108;42.623165;245;Toscana;OD:TOS10003054;1
968;TOS10003060;Pomonte;11.425948;42.644847;158;Toscana;OD:TOS10003060;1
969;TOS10003070;Scansano;11.336475;42.690382;442;Toscana;OD:TOS10003070;1
970;TOS10003080;Manciano;11.546264;42.584692;300;Toscana;OD:TOS10003080;1
971;TOS10003082;Campignola;11.511741;42.526112;263;Toscana;OD:TOS10003082;1
972;TOS10003085;Secchete di Manciano;11.546264;42.584692;300;Toscana;OD:TOS10003085;1
973;TOS10003086;Fattoria Cavallini;11.434541;42.588383;130;Toscana;OD:TOS10003086;1
974;TOS10003090;Marsiliana;11.349412;42.54446;31;Toscana;OD:TOS10003090;1
975;TOS10003092;Magliano in Toscana;11.293151;42.601027;83;Toscana;OD:TOS10003092;1
976;TOS10003100;S. Donato;11.230903;42.53373;11;Toscana;OD:TOS10003100;1
977;TOS10003102;Torre Saline d'Albegna;11.193162;42.499156;2;Toscana;OD:TOS10003102;1
978;TOS10003109;Orbetello (*);11.208444;42.438886;2;Toscana;OD:TOS10003109;1
979;TOS10003110;Orbetello;11.199832;42.429;26;Toscana;OD:TOS10003110;1
980;TOS10003112;Porto Ercole;11.211198;42.392726;2;Toscana;OD:TOS10003112;1
981;TOS10003113;Monte Argentario (Semin.);11.162414;42.41554;244;Toscana;OD:TOS10003113;1
982;TOS10003115;Monte Argentario (Semaf.);11.090476;42.430473;45;Toscana;OD:TOS10003115;1
983;TOS10003120;Monte Argentario (Aeron.);11.169129;42.389639;488;Toscana;OD:TOS10003120;1
984;TOS10003122;Monte Alzato;11.329862;42.46737;59;Toscana;OD:TOS10003122;1
985;TOS10003124;Burano;11.3766;42.405872;6;Toscana;OD:TOS10003124;1
986;TOS10003130;Capalbio;11.4213;42.455568;173;Toscana;OD:TOS10003130;1
987;TOS10003140;Pescia Fiorentina;11.478611;42.442545;83;Toscana;OD:TOS10003140;1
988;TOS10003141;La Cerreta;11.550024;42.449623;83;Toscana;OD:TOS10003141;1
989;TOS10003144;Gorgona;9.89525;43.429671;NA;Toscana;OD:TOS10003144;NA
990;TOS10003146;Capraia;9.846246;43.050318;5;Toscana;OD:TOS10003146;1
991;TOS10003150;Portoferraio Citta';10.33456;42.817478;NA;Toscana;OD:TOS10003150;NA
992;TOS10003160;Portoferraio Orti;10.309309;42.803361;3;Toscana;OD:TOS10003160;1
993;TOS10003170;Portoferraio Schiopparel;10.343493;42.797832;5;Toscana;OD:TOS10003170;1
994;TOS10003178;S. Martino;10.281579;42.787105;107;Toscana;OD:TOS10003178;1
995;TOS10003180;Procchio;10.245136;42.786697;24;Toscana;OD:TOS10003180;1
996;TOS10003190;Poggio;10.18555;42.790796;217;Toscana;OD:TOS10003190;1
997;TOS10003200;Patresi Mortigliano;10.112607;42.78689;147;Toscana;OD:TOS10003200;1
998;TOS10003202;Campo alle Serre;10.118517;42.775576;451;Toscana;OD:TOS10003202;1
999;TOS10003210;Monte Capanne;10.169971;42.775107;583;Toscana;OD:TOS10003210;1
1000;TOS10003220;Pino;10.140389;42.755099;226;Toscana;OD:TOS10003220;1
1001;TOS10003230;S. Piero in Campo;10.213664;42.752815;144;Toscana;OD:TOS10003230;1
1002;TOS10003232;Marina di Campo;10.235375;42.750781;6;Toscana;OD:TOS10003232;1
1003;TOS10003234;Pila;10.234202;42.765563;15;Toscana;OD:TOS10003234;1
1004;TOS10003240;Monte Calamita;10.396298;42.731039;361;Toscana;OD:TOS10003240;1
1005;TOS10003250;Capoliveri;10.381894;42.745775;123;Toscana;OD:TOS10003250;1
1006;TOS10003252;Porto Azzurro;10.396228;42.769285000000004;33;Toscana;OD:TOS10003252;1
1007;TOS10003260;Rio Elba;10.402984;42.816795;176;Toscana;OD:TOS10003260;1
1008;TOS10003268;Giglio (Semaforo);10.902107;42.367924;105;Toscana;OD:TOS10003268;1
1009;TOS10003270;Giglio (Castello);10.902005;42.368556;105;Toscana;OD:TOS10003270;1
1010;TOS10003280;Poggio Pagana (Giglio);10.898112;42.354212;324;Toscana;OD:TOS10003280;1
1011;TOS10003290;Giglio (Franco);10.875795;42.359082;52;Toscana;OD:TOS10003290;1
1012;TOS10003300;Campese (Giglio);10.880268;42.366573;31;Toscana;OD:TOS10003300;1
1013;TOS10004070;Sorgente Villa Spada;10.340797;43.868778;14;Toscana;OD:TOS10004070;1
1015;TOS10004520;Ponte Ferrovia Fi-Roma;11.825468;43.46846;239;Toscana;OD:TOS10004520;1
1016;TOS10004530;Chiusa dei Monaci;11.848755;43.424999;307;Toscana;OD:TOS10004530;1
1017;TOS10004710;Ponte dei Falciani;11.322441;43.588349;271;Toscana;OD:TOS10004710;1
1018;TOS10004750;Praticello;11;43;226;Toscana;OD:TOS10004750;1
1019;TOS10004780;Gamberame;11.127434;43.922626;208;Toscana;OD:TOS10004780;1
1020;TOS10004820;Ponte di Calcaiola;11;45;17;Toscana;OD:TOS10004820;1
1021;TOS10004830;Cireglio;10.852046;43.993957;708;Toscana;OD:TOS10004830;1
1022;TOS10004860;Burgianico;10.910861;43.959932;127;Toscana;OD:TOS10004860;1
1023;TOS10004910;Sambuca;11.063232;44.085612;812;Toscana;OD:TOS10004910;1
1024;TOS10005050;Molino Parlanti;10.812221;43.880132;42;Toscana;OD:TOS10005050;1
1026;TOS10005190;S. Giovanni alla Vena;10.596383;43.682914;12;Toscana;OD:TOS10005190;1
1027;TOS10005270;Cartiera Valgiano;10.589159;43.911727;318;Toscana;OD:TOS10005270;1
1029;TOS10005480;Grillandino;10.614468;43.060322;204;Toscana;OD:TOS10005480;1
1030;TOS10005510;Ponte Statale Aurelia;11.072845;43.138072;435;Toscana;OD:TOS10005510;1
1031;TOS10005680;Sorgenti Vene di Ciciano;11;43;226;Toscana;OD:TOS10005680;1
1032;TOS10005700;Casamallecchi;11;43;226;Toscana;OD:TOS10005700;1
1033;TOS10005710;Ornate;11.154131;43.073982;393;Toscana;OD:TOS10005710;1
1034;TOS10005720;Ponte di Torniella;11.392822;43.069893;483;Toscana;OD:TOS10005720;1
1035;TOS10005760;Monte Amiata Scalo;11.277466;43.428988;331;Toscana;OD:TOS10005760;1
1036;TOS10005800;Anteata;10.120468;42.748525;62;Toscana;OD:TOS10005800;1
1037;TOS10005810;La Castellina;10.234451;42.751046;6;Toscana;OD:TOS10005810;1
1038;TOS10005930;Pomonte;9.848782;44.412141;446;Toscana;OD:TOS10005930;1
1039;TOS10005940;Cavallina;9.826265;44.363718;623;Toscana;OD:TOS10005940;1
1040;TOS10005950;S. Mamiliano;9.847835;44.326222;473;Toscana;OD:TOS10005950;1
1041;TOS10008001;Guinadi Presa Verde;10.383783;43.770943;4;Toscana;OD:TOS10008001;1
1042;TOS10008002;Presa Gordana;10.522751;43.351642;62;Toscana;OD:TOS10008002;1
1043;TOS10008004;Rocchetta;10.595795;43.223628;41;Toscana;OD:TOS10008004;1
